datetime,activity,loc,chargeType
2013-01-20 16:50:00,TRAFFIC STOP,"[-91.500164, 41.635156]",A
2013-01-20 16:40:00,DIST/DOMESTIC,"[-91.543113, 41.684809]",A
2013-01-20 01:41:00,OUT WITH SUBJ,"[-91.53181, 41.66077]",A
2013-01-20 01:23:00,DIST/FIGHT IN PROGRESS,"[-91.533279, 41.659287]",A
2013-01-20 00:41:00,TRAFFIC STOP,"[-91.5299535, 41.6600523]",A
2013-01-19 20:34:00,OUT WITH SUBJ,"[-91.5099808, 41.6448272]",A
2013-01-19 16:22:00,TRAFFIC STOP,"[-91.5030964, 41.6387844]",A
2013-01-19 02:44:00,SUSPICIOUS/ACT/PERS/VEH,"[-91.541434, 41.6534509]",A
2013-01-19 02:07:00,SUSPICIOUS/ACT/PERS/VEH,"[-91.5287024, 41.6589421]",A
2013-01-19 01:36:00,TRAFFIC STOP,"[-91.5048859, 41.6527912]",A
2013-01-19 01:16:00,PAPER SERVICE/WARRANT,"[-91.4968559, 41.647778]",A
2013-01-19 01:03:00,MEDICAL RESPONSE LAW,"[-91.5331106, 41.6584335]",A
2013-01-18 23:59:00,TRAFFIC STOP,"[-91.5165113, 41.6578189]",A
2013-01-18 23:56:00,BAR CHECK,"[-91.5336723, 41.6601271]",A
2013-01-18 21:10:00,TRAFFIC STOP,"[-91.5297954, 41.6511169]",A
2013-01-18 19:46:00,TRAFFIC STOP,"[-91.500756, 41.646326]",A
2013-01-18 17:32:00,SUSPICIOUS/ACT/PERS/VEH,"[-91.5334646, 41.6600943]",A
2013-01-18 17:03:00,PAPER SERVICE/WARRANT,"[-91.501778, 41.637224]",A
2013-01-18 02:41:00,DIST/FIGHT IN PROGRESS,"[-91.5266089, 41.6568759]",A
2013-01-18 02:17:00,INTOXICATED PEDESTRIAN,"[-91.5746934, 41.6499902]",A
2013-01-18 01:44:00,DIST/DOMESTIC,"[-91.502295, 41.64225]",A
2013-01-18 00:07:00,INTOXICATED PEDESTRIAN,"[-91.529715, 41.641114]",A
2013-01-17 18:30:00,THEFT/SHOPLIFTING,"[-91.500895, 41.651404]",A
2013-01-17 17:20:00,DIST/FIGHT IN PROGRESS,"[-91.533374, 41.659681]",A
2013-01-17 01:25:00,TRAFFIC STOP,"[-91.531795, 41.676758]",A
2013-01-17 00:31:00,INTOXICATED PEDESTRIAN,"[-91.528407, 41.664111]",A
2013-01-16 23:01:00,SUSPICIOUS/ACT/PERS/VEH,"[-91.529659, 41.642986]",A
2013-01-16 17:51:00,WELFARE CHECK,"[-91.517262, 41.649721]",A
2013-01-13 02:40:00,OUT WITH SUBJ,"[-91.5321342, 41.6455704]",A
2013-01-13 00:18:00,TRAFFIC STOP,"[-91.540555, 41.649636]",A
2013-01-13 00:12:00,TRAFFIC STOP,"[-91.5228635, 41.6589239]",A
2013-01-12 23:57:00,PROWLER,"[-91.519259, 41.650404]",A
2013-01-12 22:47:00,OUT WITH SUBJ,"[-91.52977, 41.657096]",A
2013-01-12 22:31:00,TRAFFIC STOP,"[-91.5321342, 41.6455704]",A
2013-01-12 20:24:00,DIST/DOMESTIC,"[-91.534919, 41.634142]",A
2013-01-12 18:42:00,DIST/FIGHT IN PROGRESS,"[-91.500164, 41.635156]",A
2013-01-12 04:46:00,OUT WITH SUBJ,"[-91.5306298, 41.657451]",A
2013-01-12 02:08:00,TRAFFIC STOP,"[-91.5334626, 41.6511378]",A
2013-01-12 01:50:00,TRAFFIC STOP,"[-91.531609, 41.6753039]",A
2013-01-11 22:04:00,DIST/DOMESTIC,"[-91.528143, 41.652132]",A
2013-01-11 20:42:00,TRAFFIC STOP,"[-91.5177396, 41.641459]",A
2013-01-11 20:04:00,TRAFFIC STOP,"[-91.5048675, 41.652784]",A
2013-01-11 17:42:00,NARCOTICS,"[-91.5301683, 41.6611277]",A
2013-01-11 02:06:00,TRAFFIC STOP,"[-91.558686, 41.642158]",A
2013-01-11 01:12:00,OUT WITH SUBJ,"[-91.530179, 41.6600662]",A
2013-01-11 00:29:00,TRAFFIC STOP,"[-91.5401828, 41.6503889]",A
2013-01-10 21:39:00,DIST/DOMESTIC,"[-91.54403, 41.648952]",A
2013-01-10 11:01:00,OUT WITH SUBJ,"[-91.5296223, 41.6584994]",A
2013-01-09 21:47:00,MVA/PROPERTY DAMAGE ACCIDENT,"[-91.532784, 41.648845]",A
2013-01-09 00:25:00,OUT WITH SUBJ,"[-91.529659, 41.642986]",A
2013-01-08 23:41:00,ROBBERY/ARMED/GUN,"[-91.528623, 41.666853]",A
2013-01-08 22:00:00,PAPER SERVICE/WARRANT,"[-91.5199921, 41.6420253]",A
2013-01-08 20:58:00,TRAFFIC STOP,"[-91.5199921, 41.6420253]",A
2013-01-08 15:10:00,DIST/DOMESTIC,"[-91.521153, 41.6388296]",A
2013-01-08 12:05:00,INTOXICATED PEDESTRIAN,"[-91.532903, 41.647698]",A
2013-01-08 06:33:00,TRAFFIC STOP,"[-91.521235, 41.67886]",A
2013-01-08 00:49:00,TRAFFIC STOP,"[-91.531646, 41.660108]",A
2013-01-08 00:18:00,TRAFFIC STOP,"[-91.5523681, 41.6504265]",A
2013-01-07 21:01:00,SUSPICIOUS/ACT/PERS/VEH,"[-91.520816, 41.641516]",A
2013-01-07 21:01:00,PAPER SERVICE/WARRANT,"[-91.489812, 41.657977]",A
2013-01-07 18:10:00,PAPER SERVICE/WARRANT,"[-91.5257838, 41.6578442]",A
2013-01-07 16:43:00,TRAFFIC STOP,"[-91.5219245, 41.6390502]",A
2013-01-07 16:06:00,DIST/FIGHT IN PROGRESS,"[-91.576336, 41.649111]",A
2013-01-06 21:43:00,TRAFFIC STOP,"[-91.534631, 41.6579222]",A
2013-01-06 21:18:00,TRAFFIC STOP,"[-91.5030964, 41.6387844]",A
2013-01-06 16:43:00,DIST/FIGHT IN PROGRESS,"[-91.513995, 41.647776]",A
2013-01-06 02:23:00,TRAFFIC STOP,"[-91.5257918, 41.6578306]",A
2013-01-06 02:14:00,TRAFFIC STOP,"[-91.5316599, 41.6578973]",A
2013-01-06 00:03:00,BAR CHECK,"[-91.532821, 41.659315]",A
2013-01-05 21:13:00,HARASSMENT/OBSCENE PHONE,"[-91.5346055, 41.6613007]",A
2013-01-05 11:51:00,THEFT/SHOPLIFTING,"[-91.500895, 41.651404]",A
2013-01-05 01:33:00,TRAFFIC STOP,"[-91.530177, 41.6565748]",A
2013-01-05 01:32:00,TRAFFIC STOP,"[-91.5242951, 41.6431744]",A
2013-01-05 00:54:00,TRAFFIC STOP,"[-91.5362732, 41.6511216]",A
2013-01-05 00:47:00,TRAFFIC STOP,"[-91.5257918, 41.6578306]",A
2013-01-04 17:57:00,THEFT/SHOPLIFTING,"[-91.529659, 41.642986]",A
2013-01-04 02:15:00,OUT WITH SUBJ,"[-91.5377677, 41.6555603]",A
2013-01-04 00:56:00,BAR CHECK,"[-91.53282, 41.659418]",A
2013-01-03 21:22:00,TRAFFIC STOP,"[-91.496266, 41.648555]",A
2013-01-03 20:14:00,TRAFFIC STOP,"[-91.530182, 41.6589742]",A
2013-01-03 17:34:00,TRAFFIC STOP,"[-91.5039236, 41.6381689]",A
2013-01-03 14:15:00,THEFT/SHOPLIFTING,"[-91.529659, 41.642986]",A
2013-01-03 13:30:00,PAPER SERVICE/WARRANT,"[-91.525452, 41.6526039]",A
2013-01-03 02:30:00,OUT WITH SUBJ,"[-91.5306298, 41.657451]",A
2013-01-02 12:14:00,PAPER SERVICE/WARRANT,"[-91.501522, 41.636689]",A
2013-01-01 03:26:00,TRAFFIC STOP,"[-91.516407, 41.657803]",A
2013-01-01 03:12:00,INTOXICATED PEDESTRIAN,"[-91.521996, 41.658549]",A
2013-01-01 02:37:00,TR/ROAD HAZARD,"[-91.534631, 41.6579222]",A
2013-01-01 01:59:00,DIST/FIGHT IN PROGRESS,"[-91.5341739, 41.66084]",A
2013-01-01 01:54:00,TRAFFIC STOP,"[-91.5302084, 41.6578788]",A
2013-01-01 01:36:00,TRAFFIC STOP,"[-91.531255, 41.658629]",A
2013-01-01 01:04:00,INTOXICATED PEDESTRIAN,"[-91.533155, 41.6579194]",A
2013-01-01 00:44:00,OUT WITH SUBJ,"[-91.5257918, 41.6578306]",A
2013-01-01 00:17:00,MEDICAL RESPONSE LAW,"[-91.5341739, 41.66084]",A
2012-12-31 22:42:00,BURGLARY/RESIDENTIAL,"[-91.5207099, 41.660687]",A
2012-12-31 22:25:00,ASSIST OTHER AGENCY,"[-91.5742861, 41.6715984]",A
2012-12-31 22:23:00,TRAFFIC STOP,"[-91.527145, 41.6679556]",A
2012-12-31 21:37:00,TRAFFIC STOP,"[-91.5165113, 41.6578189]",A
2012-12-31 21:02:00,BAR CHECK,"[-91.533279, 41.659287]",A
2012-12-31 17:19:00,DIST/FIGHT IN PROGRESS,"[-91.5316576, 41.6589875]",A
2012-12-31 17:03:00,DIST/FIGHT IN PROGRESS,"[-91.575131, 41.650339]",A
2012-12-31 07:17:00,OUT FOR INVEST/FOLLOW UP,"[-91.53277, 41.651388]",A
2012-12-30 19:57:00,MVA/PROPERTY DAMAGE ACCIDENT,"[-91.5397095, 41.6442263]",A
2012-12-30 08:00:00,DIST/DOMESTIC,"[-91.515492, 41.629633]",A
2012-12-30 03:18:00,INTOXICATED PEDESTRIAN,"[-91.494154, 41.647271]",A
2012-12-30 02:07:00,SUSPICIOUS/ACT/PERS/VEH,"[-91.530135, 41.663564]",A
2012-12-30 01:37:00,NARCOTICS,"[-91.533393, 41.659626]",A
2012-12-30 00:56:00,DIST/FIGHT IN PROGRESS,"[-91.53282, 41.659418]",A
2012-12-30 00:55:00,DIST/DOMESTIC,"[-91.531255, 41.658629]",A
2012-12-29 19:40:00,DIST/DOMESTIC,"[-91.5200812, 41.6405972]",A
2012-12-29 15:26:00,ATTEMPT TO LOCATE,"[-91.521711, 41.6390487]",A
2012-12-29 03:09:00,THEFT,"[-91.512172, 41.646267]",A
2012-12-29 02:41:00,TRAFFIC STOP,"[-91.526155, 41.6494733]",A
2012-12-29 02:28:00,DIST/FIGHT IN PROGRESS,"[-91.53277, 41.651388]",A
2012-12-28 01:51:00,TRAFFIC STOP,"[-91.53306, 41.663582]",A
2012-12-28 01:09:00,OUT WITH SUBJ,"[-91.533368, 41.660975]",A
2012-12-27 22:00:00,TRAFFIC STOP,"[-91.5021486, 41.6441092]",A
2012-12-27 13:43:00,THEFT/SHOPLIFTING,"[-91.50914, 41.642227]",A
2012-12-27 02:09:00,TRAFFIC STOP,"[-91.5418711, 41.6579956]",A
2012-12-27 01:23:00,TRESPASS,"[-91.533368, 41.660975]",A
2012-12-26 22:07:00,TRAFFIC STOP,"[-91.500895, 41.651404]",A
2012-12-26 21:48:00,PAPER SERVICE/WARRANT,"[-91.550718, 41.670214]",A
2012-12-26 20:25:00,VIOLATION NO CONTACT ORDER,"[-91.5418711, 41.6579956]",A
2012-12-26 13:59:00,SUSPICIOUS/ACT/PERS/VEH,"[-91.517565, 41.677695]",A
2012-12-24 23:22:00,UNKNOWN PROBLEM,"[-91.572601, 41.645198]",A
2012-12-24 15:32:00,DIST/FIGHT IN PROGRESS,"[-91.528733, 41.641643]",A
2012-12-24 01:57:00,DIST/DOMESTIC,"[-91.5204756, 41.6391509]",A
2012-12-24 01:06:00,UNKNOWN PROBLEM,"[-91.500164, 41.635156]",A
2012-12-23 21:36:00,TRAFFIC STOP,"[-91.5116788, 41.6361888]",A
2012-12-23 16:13:00,TRAFFIC STOP,"[-91.500164, 41.635156]",A
2012-12-23 02:51:00,TRAFFIC STOP,"[-91.524941, 41.639085]",A
2012-12-23 02:31:00,TRAFFIC STOP,"[-91.5346245, 41.6601374]",A
2012-12-23 00:53:00,TRAFFIC STOP,"[-91.5420174, 41.66254]",A
2013-01-15 09:07:00,PAPER SERVICE/WARRANT,"[-91.500164, 41.635156]",A
2013-01-15 02:09:00,OUT WITH SUBJ,"[-91.530528, 41.654682]",A
2013-01-15 00:04:00,TR/RECKLESS DRIVER,"[-91.5301683, 41.6611277]",A
2013-01-14 16:54:00,ASSIST OTHER AGENCY,"[-91.50415, 41.645977]",A
2013-01-14 13:29:00,ASSIST OTHER AGENCY,"[-91.5339769, 41.650736]",A
2013-01-14 01:10:00,INTOXICATED PEDESTRIAN,"[-91.523482, 41.662728]",A
2013-01-21 01:48:00,TRAFFIC STOP,"[-91.5546102, 41.6504491]",A
2013-01-21 00:49:00,DIST/FIGHT IN PROGRESS,"[-91.5243201, 41.661161]",A
2013-01-21 13:53:00,MVA/PROPERTY DAMAGE ACCIDENT,"[-91.5361356, 41.6591793]",A
2013-01-20 20:03:00,TRAFFIC STOP,"[-91.5386294, 41.6294695]",A
2013-01-21 20:35:00,TRAFFIC STOP,"[-91.53159, 41.663572]",A
2013-01-22 14:55:00,THEFT/SHOPLIFTING,"[-91.517565, 41.677695]",A
2013-01-25 02:59:00,INTOXICATED PEDESTRIAN,"[-91.532255, 41.66437]",A
2013-01-24 22:05:00,TRAFFIC STOP,"[-91.541344, 41.647934]",A
2013-01-24 20:05:00,VIOLATION NO CONTACT ORDER,"[-91.529432, 41.661081]",A
2013-01-24 19:58:00,TRAFFIC STOP,"[-91.500164, 41.635156]",A
2013-01-24 19:49:00,OUT WITH SUBJ,"[-91.532644, 41.668829]",A
2013-01-24 13:22:00,ASSIST OTHER AGENCY,"[-91.5335754, 41.6566215]",A
2013-01-24 09:56:00,TR/RECKLESS DRIVER,"[-91.5242951, 41.6431744]",A
2013-01-24 07:18:00,TR/RECKLESS DRIVER,"[-91.5722516, 41.6566641]",A
2013-01-23 16:26:00,PAPER SERVICE/WARRANT,"[-91.5050387, 41.6372969]",A
2013-01-22 21:31:00,TRESPASS,"[-91.529846, 41.663317]",A
2013-01-26 03:55:00,NARCOTICS,"[-91.5277289, 41.654945]",A
2013-01-26 01:43:00,MVA/PROPERTY DAMAGE ACCIDENT,"[-91.530528, 41.654682]",A
2013-01-26 00:57:00,TRAFFIC STOP,"[-91.4971296, 41.649623]",A
2013-01-26 00:46:00,NARCOTICS,"[-91.5302569, 41.6545595]",A
2013-01-25 23:56:00,BAR CHECK,"[-91.6657932, 41.7046335]",A
2013-01-25 22:43:00,BAR CHECK,"[-91.53282, 41.659418]",A
2013-01-25 21:37:00,TRAFFIC STOP,"[-91.5064605, 41.641936]",A
2013-01-25 21:25:00,VIOLATION NO CONTACT ORDER,"[-91.533643, 41.658657]",A
2013-01-25 18:45:00,TR/RECKLESS DRIVER,"[-91.5320133, 41.6494486]",A
2013-01-25 16:02:00,MVA/HIT AND RUN PD,"[-91.6542063, 41.7064059]",A
2013-01-27 00:10:00,OUT WITH SUBJ,"[-91.5330901, 41.6601537]",A
2013-01-27 00:07:00,TRAFFIC STOP,"[-91.53083, 41.6531196]",A
2013-01-27 02:33:00,TRESPASS,"[-91.527942, 41.6620739]",A
2013-01-27 00:52:00,DIST/FIGHT IN PROGRESS,"[-91.532821, 41.659315]",A
2013-01-27 00:43:00,INTOXICATED PEDESTRIAN,"[-91.5073989, 41.6637418]",A
2013-01-27 21:55:00,ASSAULT,"[-91.524726, 41.652839]",A
2013-01-27 20:22:00,ASSAULT,"[-91.531293, 41.643259]",A
2013-01-28 11:09:00,DIST/DOMESTIC,"[-91.519674, 41.639821]",A
2013-01-28 14:04:00,DIST/DOMESTIC,"[-91.5666971, 41.6521588]",A
2013-01-29 00:11:00,OUT WITH SUBJ,"[-91.533155, 41.6579194]",A
2013-01-30 00:54:00,THREATS,"[-91.529758, 41.640372]",A
2013-01-29 23:39:00,DIST/DOMESTIC,"[-91.5230906, 41.6390583]",A
2013-01-29 22:56:00,INTOXICATED PEDESTRIAN,"[-91.5339952, 41.6589834]",A
2013-01-29 21:58:00,PAPER SERVICE/WARRANT,"[-91.5092666, 41.6442088]",A
2013-01-29 21:05:00,ASSIST OTHER AGENCY,"[-91.522593, 41.630417]",A
2013-01-31 09:10:00,PAPER SERVICE/WARRANT,"[-91.5302179, 41.6571296]",A
2013-01-31 10:00:00,PAPER SERVICE/WARRANT,"[-91.5290338, 41.6406914]",A
2013-02-01 01:55:00,TRAFFIC STOP,"[-91.5330356, 41.6658288]",A
2013-02-01 17:21:00,INTOXICATED PEDESTRIAN,"[-91.532508, 41.6609]",A
2013-02-01 20:37:00,VIOLATION NO CONTACT ORDER,"[-91.543113, 41.684809]",A
2013-02-02 01:41:00,DIST/FIGHT IN PROGRESS,"[-91.533643, 41.658657]",A
2013-02-02 01:28:00,OUT WITH SUBJ,"[-91.533279, 41.659287]",A
2013-02-02 01:14:00,DIST/CIVIL DISPUTE,"[-91.523191, 41.662112]",A
2013-02-01 23:44:00,OUT WITH SUBJ,"[-91.532799, 41.660783]",A
2013-02-01 23:43:00,OUT WITH SUBJ,"[-91.5301683, 41.6611277]",A
2013-02-01 23:28:00,ASSAULT,"[-91.532799, 41.660783]",A
2013-02-01 22:07:00,DIST/FIGHT IN PROGRESS,"[-91.5339952, 41.6589834]",A
2013-02-01 21:57:00,NARCOTICS,"[-91.5746686, 41.6530468]",A
2013-02-03 12:06:00,SUSPICIOUS/ACT/PERS/VEH,"[-91.53337, 41.668677]",A
2013-02-03 03:45:00,MEDICAL RESPONSE LAW,"[-91.5345545, 41.6659507]",A
2013-02-03 01:35:00,DIST/DOMESTIC,"[-91.5331638, 41.6546045]",A
2013-02-03 00:55:00,BAR CHECK,"[-91.533279, 41.659287]",A
2013-02-02 22:18:00,TRAFFIC STOP,"[-91.531646, 41.660108]",A
2013-02-02 22:09:00,OUT WITH SUBJ,"[-91.5346245, 41.6601374]",A
2013-02-04 00:44:00,THEFT,"[-91.534254, 41.660291]",A
2013-02-03 22:00:00,TRAFFIC STOP,"[-91.5020508, 41.6568127]",A
2013-02-04 17:16:00,WELFARE CHECK,"[-91.5331437, 41.6584215]",A
2013-02-04 16:37:00,OUT FOR INVEST/FOLLOW UP,"[-91.5479994, 41.6609219]",A
2013-02-04 12:21:00,VIOLATION NO CONTACT ORDER,"[-91.543113, 41.684809]",A
2013-02-05 12:27:00,TRAFFIC STOP,"[-91.513387, 41.6298933]",A
2013-02-04 20:38:00,TRAFFIC STOP,"[-91.5377282, 41.6579253]",A
2013-02-05 23:43:00,OUT WITH SUBJ,"[-91.529432, 41.661081]",A
2013-02-07 02:16:00,MEDICAL RESPONSE LAW,"[-91.523191, 41.662112]",A
2013-02-07 00:29:00,SUSPICIOUS/ACT/PERS/VEH,"[-91.525401, 41.66172]",A
2013-02-06 23:45:00,NARCOTICS,"[-91.5273022, 41.6541217]",A
2013-02-07 13:19:00,NARCOTICS,"[-91.5043166, 41.6443874]",A
2013-02-08 03:52:00,WEAPONS OFFENSE,"[-91.5365939, 41.6549819]",A
2013-02-08 03:38:00,NARCOTICS,"[-91.5228649, 41.6601092]",A
2013-02-08 02:38:00,DIST/DOMESTIC,"[-91.5764581, 41.6536002]",A
2013-02-08 02:26:00,TRAFFIC STOP,"[-91.5415134, 41.650378]",A
2013-02-08 02:23:00,INTOXICATED PEDESTRIAN,"[-91.5346245, 41.6601374]",A
2013-02-08 01:56:00,TRAFFIC STOP,"[-91.5228649, 41.6601092]",A
2013-02-07 23:13:00,DIST/DOMESTIC,"[-91.527831, 41.647136]",A
2013-02-07 22:36:00,PAPER SERVICE/WARRANT,"[-91.529432, 41.661081]",A
2013-02-07 22:13:00,MVA/PROPERTY DAMAGE ACCIDENT,"[-91.5257936, 41.65891]",A
2013-02-07 20:46:00,PAPER SERVICE/WARRANT,"[-91.5302269, 41.6541285]",A
2013-02-07 18:49:00,TRAFFIC STOP,"[-91.5302269, 41.6541285]",A
2013-02-08 13:31:00,THEFT/SHOPLIFTING,"[-91.50914, 41.642227]",A
2013-02-09 13:07:00,THEFT/SHOPLIFTING,"[-91.5244314, 41.6429225]",A
2013-02-09 02:45:00,TRAFFIC STOP,"[-91.530179, 41.6600662]",A
2013-02-09 01:55:00,TRAFFIC STOP,"[-91.53159, 41.663572]",A
2013-02-09 00:57:00,OUT WITH SUBJ,"[-91.5301897, 41.6578662]",A
2013-02-09 00:41:00,DIST/FIGHT IN PROGRESS,"[-91.5302179, 41.6571296]",A
2013-02-09 00:05:00,BAR CHECK,"[-91.533279, 41.659287]",A
2013-02-08 23:55:00,TRAFFIC STOP,"[-91.5418711, 41.6579956]",A
2013-02-08 21:58:00,TRAFFIC STOP,"[-91.521021, 41.650517]",A
2013-02-10 20:45:00,TRAFFIC STOP,"[-91.500164, 41.635156]",A
2013-02-10 02:57:00,TRAFFIC STOP,"[-91.529871, 41.660932]",A
2013-02-10 02:34:00,MVA/PROPERTY DAMAGE ACCIDENT,"[-91.5301683, 41.6611277]",A
2013-02-10 02:31:00,TRAFFIC STOP,"[-91.5302084, 41.6578788]",A
2013-02-10 02:06:00,OUT WITH SUBJ,"[-91.5331106, 41.6584335]",A
2013-02-10 02:01:00,TRAFFIC STOP,"[-91.5303516, 41.658701]",A
2013-02-10 00:42:00,PROWLER,"[-91.50807, 41.650888]",A
2013-02-10 00:28:00,INTOXICATED PEDESTRIAN,"[-91.5339952, 41.6589834]",A
2013-02-09 23:36:00,OUT WITH SUBJ,"[-91.5316599, 41.6578973]",A
2013-02-09 23:34:00,SUSPICIOUS/ACT/PERS/VEH,"[-91.5312023, 41.6494534]",A
2013-02-09 23:04:00,DIST/DOMESTIC,"[-91.500164, 41.635156]",A
2013-02-09 21:59:00,TRAFFIC STOP,"[-91.5403173, 41.6528624]",A
2013-02-09 21:59:00,TRAFFIC STOP,"[-91.530522, 41.656033]",A
2013-02-12 18:36:00,THEFT/SHOPLIFTING,"[-91.500895, 41.651404]",A
2013-02-12 16:49:00,PAPER SERVICE/WARRANT,"[-91.496266, 41.648555]",A
2013-02-12 16:28:00,TR/RECKLESS DRIVER,"[-91.497733, 41.647468]",A
2013-02-12 02:27:00,TRAFFIC STOP,"[-91.5418711, 41.6579956]",A
2013-02-12 01:04:00,TRAFFIC STOP,"[-91.5199921, 41.6420253]",A
2013-02-11 20:07:00,SUSPICIOUS/ACT/PERS/VEH,"[-91.51013, 41.654261]",A
2013-02-13 02:45:00,ASSAULT,"[-91.5183664, 41.6381721]",A
2013-02-12 19:45:00,PAPER SERVICE/WARRANT,"[-91.5301683, 41.6611277]",A
2013-02-13 13:19:00,THEFT/SHOPLIFTING,"[-91.500895, 41.651404]",A
2013-02-15 01:23:00,TRAFFIC STOP,"[-91.5346273, 41.6589429]",A
2013-02-14 23:58:00,DIST/LOUD PARTY,"[-91.523491, 41.663831]",A
2013-02-14 22:23:00,TRAFFIC STOP,"[-91.5283111, 41.6458106]",A
2013-02-14 21:48:00,DIST/FIGHT IN PROGRESS,"[-91.533279, 41.659287]",A
2013-02-14 02:14:00,INTOXICATED PEDESTRIAN,"[-91.50522, 41.647561]",A
2013-02-14 02:13:00,DIST/NOISE GENERAL,"[-91.5287696, 41.653128]",A
2013-02-13 19:08:00,NARCOTICS,"[-91.5200812, 41.6405972]",A
2013-02-13 15:18:00,TRESPASS,"[-91.500164, 41.635156]",A
2013-02-15 10:30:00,THEFT/SHOPLIFTING,"[-91.543156, 41.647964]",A
2013-02-16 04:34:00,SUSPICIOUS/ACT/PERS/VEH,"[-91.52977, 41.657096]",A
2013-02-16 02:18:00,MVA/PROPERTY DAMAGE ACCIDENT,"[-91.5300916, 41.6679906]",A
2013-02-16 01:52:00,MVA/HIT AND RUN PD,"[-91.5309297, 41.6566169]",A
2013-02-16 01:12:00,DIST/CIVIL DISPUTE,"[-91.520816, 41.641516]",A
2013-02-16 00:50:00,INTOXICATED PEDESTRIAN,"[-91.532985, 41.658612]",A
2013-02-15 23:41:00,MVA/PROPERTY DAMAGE ACCIDENT,"[-91.520966, 41.637401]",A
2013-02-15 23:06:00,OUT FOR INVEST/FOLLOW UP,"[-91.5296223, 41.6584994]",A
2013-02-15 21:33:00,TRAFFIC STOP,"[-91.5257986, 41.6599102]",A
2013-02-17 05:51:00,DIST/DOMESTIC,"[-91.532985, 41.658612]",A
2013-02-17 04:04:00,PAPER SERVICE/WARRANT,"[-91.5278105, 41.6442614]",A
2013-02-17 02:52:00,ASSAULT,"[-91.5277909, 41.669362]",A
2013-02-17 02:11:00,TR/OWI,"[-91.5278105, 41.6442614]",A
2013-02-17 01:41:00,BAR CHECK,"[-91.532799, 41.660783]",A
2013-02-17 01:12:00,PAPER SERVICE/WARRANT,"[-91.5763909, 41.6535926]",A
2013-02-17 00:06:00,NARCOTICS,"[-91.497677, 41.649236]",A
2013-02-16 23:30:00,DIST/DOMESTIC,"[-91.524905, 41.685539]",A
2013-02-16 22:58:00,TR/OWI,"[-91.4820768, 41.6675044]",A
2013-02-16 22:53:00,NARCOTICS,"[-91.520966, 41.637401]",A
2013-02-16 22:25:00,TRAFFIC STOP,"[-91.520966, 41.637401]",A
2013-02-16 18:42:00,DIST/DOMESTIC,"[-91.509689, 41.6396826]",A
2013-02-16 16:28:00,TRAFFIC STOP,"[-91.558686, 41.642158]",A
2013-02-16 15:19:00,OUT WITH SUBJ,"[-91.5346084, 41.6601508]",A
2013-02-16 12:55:00,ESCORT/RELAY,"[-91.496266, 41.648555]",A
2013-02-18 10:05:00,THEFT/SHOPLIFTING,"[-91.572856, 41.632591]",A
2013-02-18 21:03:00,TRAFFIC STOP,"[-91.524941, 41.639085]",A
2013-02-19 09:44:00,DIST/DOMESTIC,"[-91.5182308, 41.6399952]",A
2013-02-19 09:01:00,NARCOTICS,"[-91.5043166, 41.6443874]",A
2013-02-19 19:47:00,TRAFFIC STOP,"[-91.5321342, 41.6455704]",A
2013-02-20 12:38:00,ASSAULT,"[-91.505163, 41.658888]",A
2013-02-20 07:57:00,PAPER SERVICE/WARRANT,"[-91.522598, 41.657351]",A
2013-02-20 00:51:00,DIST/FIGHT IN PROGRESS,"[-91.500895, 41.651404]",A
2013-02-20 00:12:00,INTOXICATED PEDESTRIAN,"[-91.5328743, 41.6601323]",A
2013-02-22 02:08:00,TRAFFIC STOP,"[-91.5301683, 41.6611277]",A
2013-02-21 19:14:00,WELFARE CHECK,"[-91.5422122, 41.6612638]",A
2013-02-21 16:28:00,VIOLATION NO CONTACT ORDER,"[-91.5183664, 41.6381721]",A
2013-02-23 04:25:00,PAPER SERVICE/WARRANT,"[-91.529432, 41.661081]",A
2013-02-23 02:34:00,TRAFFIC STOP,"[-91.5309668, 41.654414]",A
2013-02-23 02:13:00,TRAFFIC STOP,"[-91.5211862, 41.6753586]",A
2013-02-23 01:15:00,TRESPASS,"[-91.533488, 41.659284]",A
2013-02-23 00:27:00,NARCOTICS,"[-91.525448, 41.657504]",A
2013-02-23 00:17:00,OUT WITH SUBJ,"[-91.525448, 41.657504]",A
2013-02-22 23:49:00,UNKNOWN PROBLEM,"[-91.53282, 41.659418]",A
2013-02-22 22:01:00,OUT WITH SUBJ,"[-91.5301897, 41.6578662]",A
2013-02-22 16:22:00,ASSIST OTHER AGENCY,"[-91.5286294, 41.6494475]",A
2013-02-23 19:30:00,NARCOTICS,"[-91.530741, 41.6566001]",A
2013-02-23 18:49:00,TRAFFIC STOP,"[-91.530741, 41.6566001]",A
2013-02-23 12:53:00,TRESPASS,"[-91.535426, 41.659261]",A
2013-02-24 05:16:00,INTOXICATED PEDESTRIAN,"[-91.521561, 41.6573939]",A
2013-02-24 04:56:00,NARCOTICS,"[-91.5077358, 41.6518624]",A
2013-02-24 02:16:00,TR/MOTORIST ASSIST,"[-90.428319, 41.5920407]",A
2013-02-24 02:11:00,TRAFFIC STOP,"[-91.516407, 41.657803]",A
2013-02-24 01:19:00,TRAFFIC STOP,"[-91.5647021, 41.6363172]",A
2013-02-24 01:17:00,DIST/FIGHT IN PROGRESS,"[-91.528289, 41.657168]",A
2013-02-24 00:59:00,TRAFFIC STOP,"[-91.5077358, 41.6518624]",A
2013-02-24 00:14:00,MVA/PROPERTY DAMAGE ACCIDENT,"[-91.521188, 41.6567131]",A
2013-02-23 22:23:00,NARCOTICS,"[-91.5418866, 41.6626391]",A
2013-02-23 21:50:00,TRAFFIC STOP,"[-91.5418866, 41.6626391]",A
2013-02-23 20:48:00,SUSPICIOUS/ACT/PERS/VEH,"[-91.5330435, 41.6585598]",A
2013-02-24 16:36:00,TRAFFIC STOP,"[-91.530781, 41.6511138]",A
2013-02-26 02:09:00,TRAFFIC STOP,"[-91.5418866, 41.6626391]",A
2013-02-26 01:58:00,TRAFFIC STOP,"[-91.527266, 41.657848]",A
2013-02-24 22:50:00,TR/RECKLESS DRIVER,"[-91.530179, 41.6600662]",A
2013-02-24 22:47:00,NARCOTICS,"[-91.483881, 41.657325]",A
2013-02-28 02:52:00,INTOXICATED PEDESTRIAN,"[-91.5330435, 41.6585598]",A
2013-02-28 01:52:00,DIST/FIGHT IN PROGRESS,"[-91.5316781, 41.6576167]",A
2013-02-28 09:51:00,JUV/GENERAL,"[-91.548458, 41.6513009]",A
2013-03-01 04:03:00,PAPER SERVICE/WARRANT,"[-91.5299783, 41.6568029]",A
2013-03-01 01:43:00,TRAFFIC STOP,"[-91.525816, 41.656594]",A
2013-03-01 01:43:00,TRAFFIC STOP,"[-91.530179, 41.6600662]",A
2013-02-28 22:46:00,NARCOTICS,"[-91.5199921, 41.6420253]",A
2013-02-28 18:34:00,TRAFFIC STOP,"[-91.5030964, 41.6387844]",A
2013-03-01 17:20:00,TRAFFIC STOP,"[-91.5020318, 41.6567959]",A
2013-03-01 13:50:00,INFO/ALL OTHER INFO,"[-91.479432, 41.657678]",A
2013-03-02 20:32:00,NARCOTICS,"[-91.4974891, 41.6353423]",A
2013-03-02 16:27:00,PAPER SERVICE/WARRANT,"[-91.502943, 41.63288]",A
2013-03-02 13:58:00,VIOLATION NO CONTACT ORDER,"[-91.518676, 41.636168]",A
2013-03-02 07:05:00,MVA/HIT AND RUN PD,"[-91.5278469, 41.6514908]",A
2013-03-02 06:46:00,THEFT/MOTOR VEHICLE,"[-91.523855, 41.663756]",A
2013-03-02 05:08:00,OUT WITH SUBJ,"[-91.5299535, 41.6600523]",A
2013-03-02 03:15:00,TRAFFIC STOP,"[-91.5377282, 41.6579253]",A
2013-03-02 02:08:00,TRAFFIC STOP,"[-91.530182, 41.6589742]",A
2013-03-02 02:04:00,TRAFFIC STOP,"[-91.530135, 41.663564]",A
2013-03-02 01:16:00,OUT WITH SUBJ,"[-91.530458, 41.660417]",A
2013-03-02 00:47:00,OUT WITH SUBJ,"[-91.5316576, 41.6589875]",A
2013-03-02 00:30:00,TRAFFIC STOP,"[-91.5316576, 41.6589875]",A
2013-03-01 23:26:00,DIST/FIGHT IN PROGRESS,"[-91.53282, 41.659418]",A
2013-03-01 21:12:00,OUT WITH SUBJ,"[-91.5244314, 41.6429225]",A
2013-03-03 00:25:00,TRAFFIC STOP,"[-91.530135, 41.663564]",A
2013-03-03 00:02:00,DIST/NOISE GENERAL,"[-91.528289, 41.657168]",A
2013-03-02 23:19:00,INTOXICATED PEDESTRIAN,"[-91.482862, 41.6498281]",A
2013-03-02 23:14:00,HARASSMENT/OBSCENE PHONE,"[-91.573479, 41.6464]",A
2013-03-02 22:27:00,TRAFFIC STOP,"[-91.5077358, 41.6518624]",A
2013-03-02 21:47:00,TRAFFIC STOP,"[-91.496266, 41.648555]",A
2013-03-03 17:57:00,DIST/FIGHT IN PROGRESS,"[-91.500164, 41.635156]",A
2013-03-03 17:57:00,TRAFFIC STOP,"[-91.523898, 41.643961]",A
2013-03-03 16:29:00,TRAFFIC STOP,"[-91.5183294, 41.638641]",A
2013-03-03 07:48:00,DIST/FIGHT IN PROGRESS,"[-91.52395, 41.654797]",A
2013-03-03 04:19:00,NARCOTICS,"[-91.52395, 41.654797]",A
2013-03-03 03:49:00,SUSPICIOUS/ACT/PERS/VEH,"[-91.524679, 41.652279]",A
2013-03-03 02:25:00,TRAFFIC STOP,"[-91.5301877, 41.656073]",A
2013-03-03 02:21:00,INTOXICATED PEDESTRIAN,"[-91.5306298, 41.657451]",A
2013-03-03 02:06:00,INTOXICATED PEDESTRIAN,"[-91.5306298, 41.657451]",A
2013-03-03 01:54:00,OUT WITH SUBJ,"[-91.531646, 41.660108]",A
2013-03-04 04:18:00,JAIL/TRANSPORT PRISONER,"[-91.529432, 41.661081]",A
2013-03-04 03:57:00,JAIL/TRANSPORT PRISONER,"[-91.529432, 41.661081]",A
2013-03-04 03:02:00,NARCOTICS,"[-91.513686, 41.656272]",A
2013-03-03 22:38:00,TRAFFIC STOP,"[-91.4987334, 41.6462729]",A
2013-03-04 10:24:00,DIST/DOMESTIC,"[-91.544139, 41.648349]",A
2013-03-05 02:25:00,PAPER SERVICE/WARRANT,"[-91.529758, 41.640372]",A
2013-03-04 20:29:00,INTOXICATED PEDESTRIAN,"[-91.5290519, 41.640965]",A
2013-03-05 15:33:00,INTOXICATED PEDESTRIAN,"[-91.528407, 41.664111]",A
2013-03-06 04:19:00,OUT WITH SUBJ,"[-91.5297802, 41.649445]",A
2013-03-06 01:41:00,MVA/UNKNOWN INJURY,"[-91.5733485, 41.6639781]",A
2013-03-06 01:01:00,NARCOTICS,"[-91.532774, 41.663908]",A
2013-03-06 00:26:00,OUT WITH SUBJ,"[-91.532774, 41.663908]",A
2013-03-08 04:23:00,SUSPICIOUS/ACT/PERS/VEH,"[-91.5531754, 41.6546001]",A
2013-03-08 02:14:00,OUT WITH SUBJ,"[-91.53159, 41.663572]",A
2013-03-08 02:03:00,INTOXICATED PEDESTRIAN,"[-91.6657932, 41.7046335]",A
2013-03-08 01:39:00,OUT WITH SUBJ,"[-91.532099, 41.658661]",A
2013-03-08 01:29:00,OUT FOR INVEST/FOLLOW UP,"[-91.532508, 41.6609]",A
2013-03-08 01:02:00,SUSPICIOUS/ACT/PERS/VEH,"[-91.533069, 41.661276]",A
2013-03-07 23:41:00,TRAFFIC STOP,"[-91.5007309, 41.647443]",A
2013-03-07 20:33:00,INTOXICATED PEDESTRIAN,"[-91.532706, 41.6571209]",A
2013-03-07 18:07:00,PAPER SERVICE/WARRANT,"[-91.500164, 41.635156]",A
2013-03-07 17:37:00,SUSPICIOUS/ACT/PERS/VEH,"[-91.500164, 41.635156]",A
2013-03-07 16:10:00,TRAFFIC STOP,"[-91.531255, 41.658629]",A
2013-03-07 14:25:00,INTOXICATED PEDESTRIAN,"[-91.5115765, 41.6432996]",A
2013-03-07 11:23:00,PAPER SERVICE/WARRANT,"[-91.479571, 41.630045]",A
2013-03-07 10:30:00,INTOXICATED PEDESTRIAN,"[-91.531906, 41.659126]",A
2013-03-08 18:16:00,THEFT/SHOPLIFTING,"[-91.5306298, 41.657451]",A
2013-03-09 00:41:00,BAR CHECK,"[-91.532799, 41.660783]",A
2013-03-08 23:59:00,TRAFFIC STOP,"[-91.519674, 41.639821]",A
2013-03-08 23:04:00,DIST/LOUD PARTY,"[-91.531311, 41.655231]",A
2013-03-08 22:46:00,INTOXICATED PEDESTRIAN,"[-91.533488, 41.659284]",A
2013-03-08 21:57:00,TRAFFIC STOP,"[-91.5330451, 41.6635957]",A
2013-03-08 20:10:00,OUT WITH SUBJ,"[-91.5306298, 41.657451]",A
2013-03-10 03:43:00,TRAFFIC STOP,"[-91.5345878, 41.6625197]",A
2013-03-10 03:21:00,TRAFFIC STOP,"[-91.5116188, 41.6412644]",A
2013-03-10 01:52:00,TRAFFIC STOP,"[-91.5316677, 41.6566152]",A
2013-03-10 01:51:00,ASSAULT,"[-91.5346273, 41.6589429]",A
2013-03-10 01:42:00,OUT WITH SUBJ,"[-91.527285, 41.6551596]",A
2013-03-10 01:25:00,SUSPICIOUS/ACT/PERS/VEH,"[-91.52865, 41.652994]",A
2013-03-10 01:24:00,BAR CHECK,"[-91.533643, 41.658657]",A
2013-03-10 00:45:00,TRAFFIC STOP,"[-91.5301683, 41.6611277]",A
2013-03-09 21:35:00,THEFT/SHOPLIFTING,"[-91.529659, 41.642986]",A
2013-03-09 18:20:00,NARCOTICS,"[-91.5296223, 41.6584994]",A
2013-03-09 02:15:00,TRAFFIC STOP,"[-91.5048615, 41.6484834]",A
2013-03-09 02:14:00,TRAFFIC STOP,"[-91.5325919, 41.675011]",A
2013-03-09 01:55:00,TRAFFIC STOP,"[-91.524334, 41.6578192]",A
2013-03-12 01:42:00,TRAFFIC STOP,"[-91.52978019999999, 41.649445]",A
2013-03-11 17:21:00,TRAFFIC STOP,"[-91.5730047, 41.64579639999999]",A
2013-03-11 14:52:00,THEFT/SHOPLIFTING,"[-91.50914, 41.642227]",A
2013-03-11 13:43:00,PAPER SERVICE/WARRANT,"[-91.525515, 41.658048]",A
2013-03-11 11:12:00,VAGRANT/TRANSIENT,"[-91.5309881, 41.6579103]",A
2013-03-11 03:23:00,INTOXICATED PEDESTRIAN,"[-91.529659, 41.642986]",A
2013-03-11 02:29:00,OUT WITH SUBJ,"[-91.522836, 41.6612805]",A
2013-03-11 00:39:00,DIST/FIGHT IN PROGRESS,"[-91.5204756, 41.6391509]",A
2013-03-11 00:18:00,TRAFFIC STOP,"[-91.527266, 41.657848]",A
2013-03-10 23:50:00,TRAFFIC STOP,"[-91.528606, 41.639304]",A
2013-03-10 17:03:00,TRAFFIC STOP,"[-91.50341499999999, 41.638215]",A
2013-03-12 13:17:00,DIST/DOMESTIC,"[-91.53611599999999, 41.6312726]",A
2013-03-13 09:20:00,PAPER SERVICE/WARRANT,"[-91.543781, 41.653946]",A
2013-03-13 06:47:00,TRAFFIC STOP,"[-91.50309639999999, 41.6387844]",A
2013-03-13 02:11:00,TRAFFIC STOP,"[-91.530135, 41.663564]",A
2013-03-15 02:09:00,DIST/FIGHT IN PROGRESS,"[-91.529719, 41.65761699999999]",A
2013-03-15 00:46:00,DIST/FIGHT IN PROGRESS,"[-91.532821, 41.659315]",A
2013-03-14 22:38:00,DIST/FIGHT IN PROGRESS,"[-91.5331106, 41.6584335]",A
2013-03-14 22:23:00,TR/OWI,"[-91.53277399999999, 41.663908]",A
2013-03-14 21:48:00,THREATS,"[-91.47932, 41.632713]",A
2013-03-14 21:27:00,TRAFFIC STOP,"[-91.52008119999999, 41.64059719999999]",A
2013-03-14 16:25:00,MVA/PROPERTY DAMAGE ACCIDENT,"[-91.4968768, 41.6568816]",A
2013-03-14 02:43:00,DIST/DOMESTIC,"[-91.521929, 41.659338]",A
2013-03-14 00:57:00,INTOXICATED PEDESTRIAN,"[-91.532764, 41.660936]",A
2013-03-13 23:13:00,TRAFFIC STOP,"[-91.527266, 41.657848]",A
2013-03-18 02:18:00,TRAFFIC STOP,"[-91.5353402, 41.6810069]",A
2013-03-18 01:53:00,OUT WITH SUBJ,"[-91.531646, 41.66010800000001]",A
2013-03-18 00:21:00,INTOXICATED PEDESTRIAN,"[-91.53282, 41.659418]",A
2013-03-17 23:20:00,NARCOTICS,"[-91.56470209999999, 41.6363172]",A
2013-03-17 02:08:00,PUBLIC ASSIST,"[-91.5345878, 41.6625197]",A
2013-03-17 01:17:00,DIST/FIGHT IN PROGRESS,"[-91.492008, 41.65006899999999]",A
2013-03-17 00:29:00,DIST/FIGHT IN PROGRESS,"[-91.52826519999999, 41.6472781]",A
2013-03-16 23:09:00,SUSPICIOUS/ACT/PERS/VEH,"[-91.50965599999999, 41.636005]",A
2013-03-16 22:39:00,TRAFFIC STOP,"[-91.48352190000001, 41.6687352]",A
2013-03-16 22:22:00,INTOXICATED PEDESTRIAN,"[-91.52691999999999, 41.657585]",A
2013-03-16 22:17:00,TRAFFIC STOP,"[-91.5301683, 41.6611277]",A
2013-03-16 18:32:00,TRAFFIC STOP,"[-91.5346836, 41.6533766]",A
2013-03-16 06:03:00,INTOXICATED PEDESTRIAN,"[-91.53238379999999, 41.6635912]",A
2013-03-16 05:51:00,INTOXICATED PEDESTRIAN,"[-91.52246, 41.652913]",A
2013-03-16 00:56:00,SUSPICIOUS/ACT/PERS/VEH,"[-91.533834, 41.660456]",A
2013-03-15 23:38:00,TRAFFIC STOP,"[-91.53020839999999, 41.6578788]",A
2013-03-15 22:08:00,TRAFFIC STOP,"[-91.504576, 41.632563]",A
2013-03-15 21:59:00,TRAFFIC STOP,"[-91.5127906, 41.653924]",A
2013-03-22 03:12:00,INTOXICATED PEDESTRIAN,"[-91.527959, 41.645155]",A
2013-03-22 02:05:00,TRAFFIC STOP,"[-91.528442, 41.6581029]",A
2013-03-21 23:52:00,DIST/FIGHT IN PROGRESS,"[-91.514583, 41.649188]",A
2013-03-21 21:35:00,OUT WITH SUBJ,"[-91.52490499999999, 41.685539]",A
2013-03-21 17:53:00,TRAFFIC STOP,"[-91.57403459999999, 41.6568719]",A
2013-03-21 17:16:00,PAPER SERVICE/WARRANT,"[-91.544445, 41.647922]",A
2013-03-21 15:57:00,TR/OWI,"[-91.544445, 41.647922]",A
2013-03-19 21:37:00,TRAFFIC STOP,"[-91.434608, 41.598099]",A
2013-03-19 13:20:00,DIST/DOMESTIC,"[-91.51858399999999, 41.640161]",A
2013-03-19 06:34:00,SUSPICIOUS/ACT/PERS/VEH,"[-91.529758, 41.640372]",A
2013-03-19 00:47:00,ALARM/BURGLARY,"[-91.50516300000001, 41.658888]",A
2013-03-18 22:15:00,TRAFFIC STOP,"[-91.5272444, 41.6600348]",A
2013-04-02 13:23:00,THREATS,"[-91.542729, 41.64894899999999]",A
2013-04-01 01:00:00,DIST/DOMESTIC,"[-91.53101, 41.656044]",A
2013-04-01 00:32:00,911 HANGUP,"[-91.55658799999999, 41.652043]",A
2013-03-31 22:01:00,TRAFFIC STOP,"[-91.5117229, 41.6310283]",A
2013-03-31 21:02:00,TR/OWI,"[-91.522989, 41.675869]",A
2013-03-31 19:08:00,TRAFFIC STOP,"[-91.52086129999999, 41.6753107]",A
2013-03-31 16:31:00,PUBLIC ASSIST,"[-91.53304349999999, 41.6585598]",A
2013-03-31 10:01:00,TRAFFIC STOP,"[-91.51357589999999, 41.6477558]",A
2013-03-31 05:27:00,TRAFFIC STOP,"[-91.479871, 41.63979]",A
2013-03-31 03:59:00,TRAFFIC STOP,"[-91.52725319999999, 41.6283321]",A
2013-03-31 03:30:00,MVA/PROPERTY DAMAGE ACCIDENT,"[-91.51998859999999, 41.6646136]",A
2013-03-31 02:45:00,PAPER SERVICE/WARRANT,"[-91.52686, 41.657248]",A
2013-03-31 02:15:00,OUT WITH SUBJ,"[-91.5306298, 41.65745099999999]",A
2013-03-31 01:47:00,TRAFFIC STOP,"[-91.5211655, 41.6541114]",A
2013-03-31 01:36:00,DIST/NOISE GENERAL,"[-91.534222, 41.665052]",A
2013-03-30 23:05:00,SPECIAL ASSIGNMENT,"[-91.5335765, 41.5580735]",A
2013-03-30 19:26:00,DIST/DOMESTIC,"[-91.524941, 41.639085]",A
2013-03-30 12:31:00,THEFT/SHOPLIFTING,"[-91.529659, 41.642986]",A
2013-03-30 03:37:00,INTOXICATED PEDESTRIAN,"[-91.5183576, 41.6359709]",A
2013-03-30 02:55:00,DIST/FIGHT IN PROGRESS,"[-91.5594828, 41.6504499]",A
2013-03-30 02:29:00,OUT WITH SUBJ,"[-91.5306298, 41.65745099999999]",A
2013-03-30 02:12:00,INTOXICATED PEDESTRIAN,"[-91.5306298, 41.65745099999999]",A
2013-03-30 01:39:00,TRAFFIC STOP,"[-91.5326772, 41.6735021]",A
2013-03-30 01:24:00,TRAFFIC STOP,"[-91.5330448, 41.6647055]",A
2013-03-30 00:50:00,OUT WITH SUBJ,"[-91.5063041, 41.6508583]",A
2013-03-30 00:01:00,TRAFFIC STOP,"[-91.4820285, 41.6538853]",A
2013-03-29 01:14:00,SUSPICIOUS/ACT/PERS/VEH,"[-91.521205, 41.643566]",A
2013-03-28 23:32:00,SUSPICIOUS/ACT/PERS/VEH,"[-91.531695, 41.671886]",A
2013-04-02 19:27:00,PAPER SERVICE/WARRANT,"[-91.5301683, 41.6611277]",A
2013-03-28 18:04:00,INTOXICATED PEDESTRIAN,"[-91.529659, 41.642986]",A
2013-03-28 17:24:00,THEFT/SHOPLIFTING,"[-91.529659, 41.642986]",A
2013-03-28 08:22:00,PAPER SERVICE/WARRANT,"[-91.530395, 41.666627]",A
2013-03-28 00:12:00,TRAFFIC STOP,"[-91.5257936, 41.65891]",A
2013-03-27 14:34:00,THEFT/SHOPLIFTING,"[-91.5115757, 41.64333209999999]",A
2013-03-27 10:19:00,PAPER SERVICE/WARRANT,"[-91.525401, 41.657176]",A
2013-03-27 08:11:00,JUV/GENERAL,"[-91.58331899999999, 41.656898]",A
2013-03-27 01:34:00,DIST/DOMESTIC,"[-91.519267, 41.636662]",A
2013-03-27 00:31:00,ASSAULT,"[-91.509858, 41.640231]",A
2013-03-26 01:27:00,INTOXICATED PEDESTRIAN,"[-91.529715, 41.64111399999999]",A
2013-03-26 00:50:00,TRAFFIC STOP,"[-91.5257918, 41.6578306]",A
2013-03-26 00:38:00,TRAFFIC STOP,"[-91.5171285, 41.6385712]",A
2013-03-25 20:45:00,TRAFFIC STOP,"[-91.497733, 41.647468]",A
2013-03-25 13:05:00,THEFT/SHOPLIFTING,"[-91.5244314, 41.6429225]",A
2013-03-24 19:02:00,DIST/DOMESTIC,"[-91.53611599999999, 41.6312726]",A
2013-03-24 02:21:00,OUT WITH SUBJ,"[-91.5365939, 41.6549819]",A
2013-03-24 02:11:00,INTOXICATED PEDESTRIAN,"[-91.5330024, 41.6680324]",A
2013-03-24 01:09:00,OUT WITH SUBJ,"[-91.53181000000001, 41.66077]",A
2013-03-24 00:35:00,ROBBERY/STRONG ARM,"[-91.53181000000001, 41.66077]",A
2013-03-24 00:09:00,OUT WITH SUBJ,"[-91.5287024, 41.6589421]",A
2013-03-23 23:48:00,TRAFFIC STOP,"[-91.53256350000001, 41.6751424]",A
2013-03-23 23:30:00,OUT WITH SUBJ,"[-91.5365939, 41.6549819]",A
2013-03-23 20:20:00,PAPER SERVICE/WARRANT,"[-91.500388, 41.666005]",A
2013-03-23 17:04:00,TRAFFIC STOP,"[-91.558686, 41.64215799999999]",A
2013-03-23 02:00:00,OUT WITH SUBJ,"[-91.5330901, 41.6601537]",A
2013-03-23 01:00:00,TRAFFIC STOP,"[-91.54231250000001, 41.64765999999999]",A
2013-03-22 22:11:00,TRAFFIC STOP,"[-91.56470209999999, 41.6363172]",A
2013-04-03 00:00:00,INTOXICATED PEDESTRIAN,"[-91.533834, 41.660456]",A
2013-04-03 01:17:00,OUT WITH SUBJ,"[-91.5341739, 41.66084]",A
2013-04-03 01:08:00,DIST/DOMESTIC,"[-91.5302493, 41.6549145]",A
2013-04-03 13:27:00,NARCOTICS,"[-91.47932, 41.632713]",A
2013-04-04 22:43:00,INTOXICATED PEDESTRIAN,"[-91.52771899999999, 41.655824]",A
2013-04-04 20:31:00,TRAFFIC STOP,"[-91.5420207, 41.662394]",A
2013-04-04 01:44:00,TR/RECKLESS DRIVER,"[-91.5301683, 41.6611277]",A
2013-04-04 01:27:00,DIST/FIGHT IN PROGRESS,"[-91.53020839999999, 41.6578788]",A
2013-04-04 01:00:00,TRAFFIC STOP,"[-91.5117866, 41.6639223]",A
2013-04-03 21:28:00,PAPER SERVICE/WARRANT,"[-91.52995349999999, 41.6600523]",A
2013-04-05 08:45:00,PAPER SERVICE/WARRANT,"[-91.5332255, 41.651686]",A
2013-04-05 03:48:00,TRAFFIC STOP,"[-91.540533, 41.644988]",A
2013-04-05 03:43:00,ASSAULT,"[-91.52981199999999, 41.655187]",A
2013-04-05 02:29:00,TRAFFIC STOP,"[-91.50198499999999, 41.6463256]",A
2013-04-05 22:05:00,DIST/DOMESTIC,"[-91.4999069, 41.6501499]",A
2013-04-05 21:06:00,TRAFFIC STOP,"[-91.534261, 41.658205]",A
2013-04-05 18:39:00,DIST/FIGHT IN PROGRESS,"[-91.49626599999999, 41.64855499999999]",A
2013-04-06 23:36:00,DIST/FIGHT IN PROGRESS,"[-91.532033, 41.6576895]",A
2013-04-06 23:36:00,DIST/LOUD PARTY,"[-91.545919, 41.676608]",A
2013-04-06 23:28:00,CRIMINAL MISC/VANDALISM,"[-91.53367229999999, 41.6601271]",A
2013-04-06 18:57:00,TR/PARKING,"[-91.49626599999999, 41.64855499999999]",A
2013-04-06 17:30:00,TRAFFIC STOP,"[-91.525851, 41.6541182]",A
2013-04-06 16:21:00,OUT WITH SUBJ,"[-91.5330144, 41.649456]",A
2013-04-06 11:50:00,INTOXICATED PEDESTRIAN,"[-91.5316751, 41.6587279]",A
2013-04-06 01:30:00,OUT WITH SUBJ,"[-91.53348799999999, 41.659284]",A
2013-04-05 23:46:00,NARCOTICS,"[-91.5361356, 41.65917930000001]",C
2013-04-05 23:41:00,TRAFFIC STOP,"[-91.5301683, 41.6611277]",A
2013-04-05 22:49:00,MVA/HIT AND RUN PD,"[-91.5361356, 41.65917930000001]",A
2013-04-07 07:58:00,TRAFFIC STOP,"[-91.54040859999999, 41.6536603]",A
2013-04-07 02:08:00,DIST/DOMESTIC,"[-91.53273899999999, 41.654841]",A
2013-04-07 01:40:00,DIST/FIGHT IN PROGRESS,"[-91.6657932, 41.7046335]",A
2013-04-07 11:23:00,PAPER SERVICE/CIVIL,"[-91.5740778, 41.6496334]",A
2013-04-07 10:05:00,TRAFFIC STOP,"[-91.5746934, 41.6499902]",A
2013-04-07 14:15:00,PAPER SERVICE/WARRANT,"[-91.528606, 41.639304]",A
2013-04-07 17:12:00,TRAFFIC STOP,"[-91.527959, 41.645155]",A
2013-04-08 06:52:00,TRAFFIC STOP,"[-91.529918, 41.655825]",A
2013-04-07 23:47:00,TRAFFIC STOP,"[-91.53009159999999, 41.6679906]",A
2013-04-07 23:26:00,TRAFFIC STOP,"[-91.5171366, 41.6370172]",A
2013-04-09 08:46:00,INTOXICATED PEDESTRIAN,"[-91.5778459, 41.652845]",A
2013-04-09 05:03:00,TRAFFIC STOP,"[-91.51161880000001, 41.6412644]",A
2013-04-08 23:34:00,DIST/DOMESTIC,"[-91.52687499999999, 41.65614799999999]",A
2013-04-08 23:17:00,DIST/DOMESTIC,"[-91.532799, 41.660783]",A
2013-04-08 20:43:00,TRESPASS,"[-91.49626599999999, 41.64855499999999]",A
2013-04-15 03:17:00,DIST/DOMESTIC,"[-91.52528099999999, 41.644596]",A
2013-04-14 22:43:00,MVA/PROPERTY DAMAGE ACCIDENT,"[-91.53860039999999, 41.63530610000001]",A
2013-04-14 18:23:00,PAPER SERVICE/WARRANT,"[-91.515225, 41.643045]",A
2013-04-14 17:36:00,DIST/DOMESTIC,"[-91.515225, 41.643045]",A
2013-04-14 14:49:00,SUSPICIOUS/ACT/PERS/VEH,"[-91.5338252, 41.659088]",A
2013-04-14 03:00:00,TRAFFIC STOP,"[-91.53160899999999, 41.6753039]",A
2013-04-14 02:48:00,TRAFFIC STOP,"[-91.5440045, 41.6503758]",A
2013-04-14 02:45:00,TRAFFIC STOP,"[-91.53160899999999, 41.6753039]",A
2013-04-14 02:11:00,TR/OWI,"[-91.5361356, 41.65917930000001]",A
2013-04-14 01:55:00,TRAFFIC STOP,"[-91.5301683, 41.6611277]",A
2013-04-14 01:28:00,OUT WITH SUBJ,"[-91.533643, 41.658657]",A
2013-04-14 01:08:00,DIST/FIGHT IN PROGRESS,"[-91.532985, 41.658612]",A
2013-04-14 00:25:00,DIST/FIGHT IN PROGRESS,"[-91.526361, 41.653846]",A
2013-04-13 23:59:00,TRAFFIC STOP,"[-91.53160899999999, 41.6753039]",A
2013-04-13 23:08:00,OUT WITH SUBJ,"[-91.53017899999999, 41.6600662]",A
2013-04-13 23:02:00,VIOLATION NO CONTACT ORDER,"[-91.521929, 41.659338]",A
2013-04-13 22:29:00,DIST/NOISE GENERAL,"[-91.55184299999999, 41.648746]",A
2013-04-13 21:41:00,TRAFFIC STOP,"[-91.53160899999999, 41.6753039]",A
2013-04-13 19:55:00,TRAFFIC STOP,"[-91.5301652, 41.6611993]",A
2013-04-13 19:17:00,JUV/GENERAL,"[-91.52976799999999, 41.641786]",A
2013-04-13 13:08:00,PAPER SERVICE/WARRANT,"[-93.70162789999999, 41.6148431]",A
2013-04-13 09:05:00,PAPER SERVICE/WARRANT,"[-91.5330716, 41.660159]",A
2013-04-13 06:00:00,SUSPICIOUS/ACT/PERS/VEH,"[-91.523994, 41.660491]",A
2013-04-13 03:08:00,INTOXICATED PEDESTRIAN,"[-91.5272444, 41.6600348]",A
2013-04-13 02:08:00,SUSPICIOUS/ACT/PERS/VEH,"[-91.523062, 41.666396]",A
2013-04-13 02:04:00,TRAFFIC STOP,"[-91.53022999999999, 41.6541544]",A
2013-04-13 01:02:00,TRAFFIC STOP,"[-91.48107100000001, 41.6570674]",A
2013-04-13 00:42:00,TRAFFIC STOP,"[-91.5330542, 41.662247]",A
2013-04-12 23:47:00,TRAFFIC STOP,"[-91.5242782, 41.6431687]",A
2013-04-12 22:14:00,INTOXICATED PEDESTRIAN,"[-91.533816, 41.65797999999999]",A
2013-04-12 21:28:00,ASSAULT,"[-91.53250799999999, 41.6609]",A
2013-04-12 21:20:00,DIST/FIGHT IN PROGRESS,"[-91.53250799999999, 41.6609]",A
2013-04-12 19:57:00,BAR CHECK,"[-91.532799, 41.660783]",A
2013-04-12 17:30:00,PAPER SERVICE/WARRANT,"[-91.529432, 41.661081]",A
2013-04-12 15:45:00,MVA/PROPERTY DAMAGE ACCIDENT,"[-93.70162789999999, 41.6148431]",A
2013-04-12 11:58:00,NARCOTICS,"[-91.581267, 41.653354]",A
2013-04-12 04:59:00,JAIL/TRANSPORT PRISONER,"[-91.529432, 41.661081]",A
2013-04-12 01:51:00,OUT WITH SUBJ,"[-91.5301652, 41.6611993]",A
2013-04-12 01:38:00,DIST/FIGHT IN PROGRESS,"[-91.53282, 41.659418]",A
2013-04-11 18:26:00,PAPER SERVICE/WARRANT,"[-91.528351, 41.6534199]",A
2013-04-11 12:57:00,PAPER SERVICE/WARRANT,"[-91.52803999999999, 41.640673]",A
2013-04-11 12:33:00,TRAFFIC STOP,"[-91.5257864, 41.6611316]",A
2013-04-11 02:21:00,SUSPICIOUS/ACT/PERS/VEH,"[-91.529134, 41.65612400000001]",A
2013-04-10 20:23:00,INTOXICATED PEDESTRIAN,"[-91.50394500000002, 41.684557]",A
2013-04-10 18:17:00,INTOXICATED PEDESTRIAN,"[-91.532821, 41.659315]",A
2013-04-10 17:09:00,DIST/DOMESTIC,"[-91.514662, 41.64011]",A
2013-04-10 16:52:00,SUSPICIOUS/ACT/PERS/VEH,"[-91.5244314, 41.6429225]",A
2013-04-10 16:23:00,SUSPICIOUS/ACT/PERS/VEH,"[-91.540533, 41.644988]",A
2013-04-10 07:19:00,TRAFFIC STOP,"[-91.53929459999999, 41.6579213]",A
2013-04-10 01:57:00,ALARM/BURGLARY,"[-91.53106199999999, 41.651741]",A
2013-04-10 01:48:00,OUT WITH SUBJ,"[-91.52985300000002, 41.662913]",A
2013-04-10 01:21:00,PAPER SERVICE/WARRANT,"[-91.5019904, 41.649585]",A
2013-04-10 00:37:00,TRAFFIC STOP,"[-91.5019904, 41.649585]",A
2013-04-16 09:05:00,CRIMINAL MISC/VANDALISM,"[-91.58331899999999, 41.656898]",A
2013-04-16 01:52:00,PAPER SERVICE/WARRANT,"[-91.57636269999999, 41.6542186]",A
2013-04-16 19:03:00,THEFT,"[-91.5743036, 41.65303309999999]",A
2013-04-17 16:11:00,ROBBERY/ARMED/GUN,"[-91.531891, 41.664324]",A
2013-04-17 04:59:00,DIST/DOMESTIC,"[-91.50074269999999, 41.6334277]",A
2013-04-18 02:14:00,INTOXICATED PEDESTRIAN,"[-91.53168, 41.64611499999999]",A
2013-04-17 22:49:00,MVA/PERSONAL INJURY ACCIDENT,"[-91.52282, 41.6623936]",A
2013-04-18 03:58:00,JAIL/TRANSPORT PRISONER,"[-91.5294308, 41.6610748]",A
2013-04-18 14:34:00,THEFT/SHOPLIFTING,"[-91.5115757, 41.64333209999999]",A
2013-04-18 10:51:00,PAPER SERVICE/WARRANT,"[-91.532099, 41.658661]",A
2013-04-18 15:38:00,THEFT/SHOPLIFTING,"[-91.500895, 41.651404]",A
2013-04-19 01:59:00,TRAFFIC STOP,"[-91.5404327, 41.6536902]",A
2013-04-19 02:09:00,CRIMINAL MISC/VANDALISM,"[-91.533148, 41.656604]",A
2013-04-19 02:37:00,TRAFFIC STOP,"[-91.53277399999999, 41.663908]",A
2013-04-18 22:03:00,TRAFFIC STOP,"[-91.5301683, 41.6611277]",A
2013-04-18 19:54:00,TRAFFIC STOP,"[-91.53860039999999, 41.63530610000001]",A
2013-04-19 22:48:00,MVA/HIT AND RUN PI,"[-91.5257281, 41.6623254]",A
2013-04-19 21:43:00,INTOXICATED PEDESTRIAN,"[-91.53158649999999, 41.6628149]",A
2013-04-19 21:33:00,DIST/DOMESTIC,"[-91.49951899999999, 41.628651]",A
2013-04-19 20:55:00,OUT FOR INVEST/FOLLOW UP,"[-91.5294308, 41.6610748]",A
2013-04-19 19:05:00,TRAFFIC STOP,"[-91.5301683, 41.6611277]",A
2013-04-20 01:15:00,TRAFFIC STOP,"[-91.52287, 41.6607688]",A
2013-04-20 01:54:00,ASSAULT,"[-91.532736, 41.6550749]",A
2013-04-19 23:51:00,ASSAULT,"[-91.533155, 41.6579194]",A
2013-04-20 04:21:00,SUSPICIOUS/ACT/PERS/VEH,"[-91.533312, 41.6673509]",A
2013-04-21 00:35:00,OUT WITH SUBJ,"[-91.530458, 41.660417]",A
2013-04-21 01:09:00,OUT WITH SUBJ,"[-91.5346273, 41.6589429]",A
2013-04-21 01:57:00,SUSPICIOUS/ACT/PERS/VEH,"[-91.53277399999999, 41.663908]",A
2013-04-21 02:04:00,TRAFFIC STOP,"[-91.53285849999999, 41.6715171]",A
2013-04-20 23:41:00,TRAFFIC STOP,"[-91.5327093, 41.67299910000001]",A
2013-04-20 23:40:00,OUT WITH SUBJ,"[-91.5346273, 41.6589429]",A
2013-04-20 23:07:00,OUT WITH SUBJ,"[-91.53015409999999, 41.6624286]",A
2013-04-21 11:47:00,BURGLARY/VEHICLE,"[-91.50415, 41.64597699999999]",A
2013-04-21 21:28:00,SUSPICIOUS/ACT/PERS/VEH,"[-91.5309668, 41.654414]",A
2013-04-21 18:36:00,INTOXICATED PEDESTRIAN,"[-91.529715, 41.64111399999999]",A
2013-04-22 01:20:00,INTOXICATED PEDESTRIAN,"[-91.5420365, 41.66254]",A
2013-04-22 02:44:00,INTOXICATED PEDESTRIAN,"[-91.5401828, 41.6503889]",A
2013-04-22 02:44:00,INTOXICATED PEDESTRIAN,"[-91.5401828, 41.6503889]",A
2013-04-22 01:20:00,INTOXICATED PEDESTRIAN,"[-91.5420365, 41.66254]",A
2013-04-21 21:28:00,SUSPICIOUS/ACT/PERS/VEH,"[-91.5309668, 41.654414]",A
2013-04-21 18:36:00,INTOXICATED PEDESTRIAN,"[-91.529715, 41.64111399999999]",A
2013-04-22 12:16:00,PAPER SERVICE/WARRANT,"[-91.5185599, 41.641044]",A
2013-04-22 14:33:00,NARCOTICS,"[-91.4994789, 41.644913]",A
2013-04-22 18:58:00,OUT WITH SUBJ,"[-91.51967400000001, 41.639821]",A
2013-04-22 20:54:00,OUT WITH SUBJ,"[-91.529606, 41.652401]",A
2013-04-22 20:54:00,OUT WITH SUBJ,"[-91.529606, 41.652401]",A
2013-04-23 00:21:00,NARCOTICS,"[-91.5746934, 41.6499902]",A
2013-04-23 01:48:00,TRAFFIC STOP,"[-91.50263799999999, 41.642882]",A
2013-04-23 02:21:00,INTOXICATED PEDESTRIAN,"[-91.52826519999999, 41.6472781]",A
2013-04-23 02:34:00,TRAFFIC STOP,"[-91.541478, 41.649125]",A
2013-04-22 18:58:00,OUT WITH SUBJ,"[-91.51967400000001, 41.639821]",A
2013-04-22 14:33:00,NARCOTICS,"[-91.4994789, 41.644913]",A
2013-04-22 12:16:00,PAPER SERVICE/WARRANT,"[-91.5185599, 41.641044]",A
2013-04-23 02:34:00,TRAFFIC STOP,"[-91.541478, 41.649125]",A
2013-04-23 02:34:00,TRAFFIC STOP,,A
2013-04-23 02:21:00,INTOXICATED PEDESTRIAN,"[-91.52826519999999, 41.6472781]",A
2013-04-23 01:48:00,TRAFFIC STOP,"[-91.50263799999999, 41.642882]",A
2013-04-23 00:21:00,NARCOTICS,"[-91.5746934, 41.6499902]",A
2013-04-22 23:49:00,DIST/FIGHT IN PROGRESS,"[-91.5257864, 41.6611316]",A
2013-04-22 23:49:00,DIST/FIGHT IN PROGRESS,"[-91.5257864, 41.6611316]",A
2013-04-22 23:45:00,TRAFFIC STOP,"[-91.56492, 41.64639750000001]",A
2013-04-22 23:45:00,TRAFFIC STOP,"[-91.56492, 41.64639750000001]",A
2013-04-22 23:04:00,PAPER SERVICE/WARRANT,"[-91.5294308, 41.6610748]",A
2013-04-22 23:04:00,PAPER SERVICE/WARRANT,"[-91.5294308, 41.6610748]",A
2013-04-23 22:19:00,PAPER SERVICE/WARRANT,"[-91.49626599999999, 41.64855499999999]",A
2013-04-23 22:19:00,PAPER SERVICE/WARRANT,"[-91.49626599999999, 41.64855499999999]",A
2013-04-23 23:06:00,TRESPASS,"[-91.49626599999999, 41.64855499999999]",A
2013-04-24 12:40:00,PAPER SERVICE/WARRANT,"[-91.52309059999999, 41.63905829999999]",A
2013-04-24 13:37:00,PAPER SERVICE/WARRANT,"[-91.534638, 41.6600984]",A
2013-04-25 01:05:00,TRAFFIC STOP,"[-91.5301683, 41.6611277]",A
2013-04-25 01:05:00,TRAFFIC STOP,"[-91.5301683, 41.6611277]",A
2013-04-25 19:07:00,INTOXICATED PEDESTRIAN,"[-91.48635399999999, 41.663129]",A
2013-04-25 22:28:00,NARCOTICS,"[-91.576759, 41.6548919]",A
2013-04-26 02:15:00,TRAFFIC STOP,"[-91.4974891, 41.6353423]",A
2013-04-26 01:15:00,TRAFFIC STOP,"[-91.50309639999999, 41.6387844]",A
2013-04-26 01:08:00,BAR CHECK,"[-91.53348799999999, 41.659284]",A
2013-04-25 23:45:00,OUT WITH SUBJ,"[-91.5346286, 41.657893]",A
2013-04-28 17:04:00,TRAFFIC STOP,"[-91.5316599, 41.65789729999999]",A
2013-04-28 01:37:00,NARCOTICS,"[-91.53052199999999, 41.656033]",A
2013-04-28 01:24:00,OUT WITH SUBJ,"[-91.53052199999999, 41.656033]",A
2013-04-28 01:08:00,ASSIST OTHER AGENCY,"[-91.5739895, 41.6537776]",A
2013-04-28 00:45:00,OUT WITH SUBJ,"[-91.52995349999999, 41.6600523]",A
2013-04-27 23:22:00,BAR CHECK,"[-91.53282, 41.659418]",A
2013-04-27 21:53:00,BAR CHECK,"[-91.534111, 41.659198]",A
2013-04-27 17:52:00,OUT WITH SUBJ,"[-91.535426, 41.659261]",A
2013-04-27 16:49:00,TRAFFIC STOP,"[-91.53308510000001, 41.66126]",A
2013-04-27 14:27:00,INTOXICATED PEDESTRIAN,"[-91.536316, 41.639527]",A
2013-04-27 13:07:00,PUBLIC ASSIST,"[-91.57639089999999, 41.6535926]",A
2013-04-27 11:38:00,DIST/DOMESTIC,"[-91.47194999999999, 41.658012]",A
2013-04-27 10:50:00,MVA/UNKNOWN INJURY,"[-91.503373, 41.63372400000001]",A
2013-04-27 03:59:00,SUSPICIOUS/ACT/PERS/VEH,"[-91.5217706, 41.6611248]",A
2013-04-27 03:36:00,NARCOTICS,"[-91.5272605, 41.6566132]",A
2013-04-27 02:50:00,DIST/DOMESTIC,"[-91.57566, 41.655164]",A
2013-04-27 02:23:00,INTOXICATED PEDESTRIAN,"[-91.5322429, 41.660898]",A
2013-04-27 02:14:00,OUT WITH SUBJ,"[-91.532985, 41.658612]",A
2013-04-27 01:23:00,INTOXICATED PEDESTRIAN,"[-91.52574469999999, 41.6624174]",A
2013-04-27 01:08:00,BAR CHECK,"[-91.53282, 41.659418]",A
2013-04-27 00:54:00,OUT WITH SUBJ,"[-91.53425399999999, 41.660291]",A
2013-04-27 00:44:00,TRAFFIC STOP,"[-91.5404327, 41.6536902]",A
2013-04-27 00:11:00,OUT WITH SUBJ,"[-91.5346704, 41.6566093]",A
2013-04-27 00:05:00,DIST/LOUD PARTY,"[-91.524731, 41.656882]",A
2013-04-26 23:34:00,BAR CHECK,"[-91.532799, 41.660783]",A
2013-04-26 22:42:00,TRAFFIC STOP,"[-91.49626599999999, 41.64855499999999]",A
2013-04-26 17:44:00,PAPER SERVICE/WARRANT,"[-91.576336, 41.649111]",A
2013-05-03 05:37:00,INTOXICATED PEDESTRIAN,"[-91.5306298, 41.65745099999999]",A
2013-05-03 03:15:00,OUT WITH SUBJ,"[-91.53052199999999, 41.656033]",A
2013-05-03 01:44:00,SUSPICIOUS/ACT/PERS/VEH,"[-91.523065, 41.6661689]",A
2013-05-03 00:33:00,TRAFFIC STOP,"[-91.5064605, 41.641936]",A
2013-05-04 04:05:00,DIST/FIGHT IN PROGRESS,"[-91.5242863, 41.65345]",A
2013-05-04 01:46:00,OUT WITH SUBJ,"[-91.53614019999999, 41.6591732]",A
2013-05-04 01:24:00,TR/OWI,"[-91.53614019999999, 41.6591732]",A
2013-05-04 00:54:00,INTOXICATED PEDESTRIAN,"[-91.529659, 41.642986]",A
2013-05-05 11:31:00,TRAFFIC STOP,"[-91.52429509999999, 41.6431744]",A
2013-05-05 05:05:00,ASSAULT,"[-91.53348799999999, 41.659284]",A
2013-05-05 03:53:00,OUT WITH SUBJ,"[-91.5306298, 41.65745099999999]",A
2013-05-05 02:20:00,OUT WITH SUBJ,"[-91.52724769999999, 41.6578356]",A
2013-05-05 01:16:00,OUT WITH SUBJ,"[-91.52981199999999, 41.655187]",A
2013-05-05 00:51:00,911 HANGUP,"[-91.53052199999999, 41.656033]",A
2013-05-06 00:13:00,DIST/FIGHT IN PROGRESS,"[-91.49626599999999, 41.64855499999999]",A
2013-05-06 00:45:00,DIST/FIGHT IN PROGRESS,"[-91.5519503, 41.6519356]",A
2013-05-08 01:54:00,OUT WITH SUBJ,"[-91.5294308, 41.6610748]",A
2013-05-08 00:46:00,TRAFFIC STOP,"[-91.535426, 41.659261]",A
2013-05-07 23:58:00,ASSAULT,"[-91.49626599999999, 41.64855499999999]",A
2013-05-07 23:31:00,DIST/FIGHT IN PROGRESS,"[-91.52868, 41.6578521]",A
2013-05-07 22:04:00,TRAFFIC STOP,"[-91.5321342, 41.6455704]",A
2013-05-06 19:03:00,PAPER SERVICE/WARRANT,"[-91.5338252, 41.659088]",A
2013-05-06 02:13:00,DIST/NOISE GENERAL,"[-91.531423, 41.65977549999999]",A
2013-05-06 02:05:00,PROWLER,"[-91.531678, 41.6575424]",A
2013-05-05 22:44:00,CRIMINAL MISC/VANDALISM,"[-91.5338252, 41.659088]",A
2013-05-05 20:41:00,ASSAULT,"[-91.525148, 41.658128]",A
2013-05-05 19:20:00,CRIMINAL MISC/VANDALISM,"[-91.52958699999999, 41.657385]",A
2013-05-04 23:40:00,OUT WITH SUBJ,"[-91.5306298, 41.65745099999999]",A
2013-05-04 22:50:00,OUT WITH SUBJ,"[-91.5341739, 41.66084]",A
2013-05-04 20:34:00,WELFARE CHECK,"[-91.52539499999999, 41.655985]",A
2013-05-03 23:58:00,NARCOTICS,"[-91.552725, 41.647606]",A
2013-05-02 20:58:00,DIST/FIGHT IN PROGRESS,"[-91.520966, 41.637401]",A
2013-05-02 15:25:00,THEFT/SHOPLIFTING,"[-91.500895, 41.651404]",A
2013-05-02 13:51:00,THEFT/SHOPLIFTING,"[-91.5401832, 41.6497853]",A
2013-05-02 02:41:00,ASSIST OTHER AGENCY,"[-91.54367080000002, 41.6584331]",A
2013-05-02 01:13:00,TR/OWI,"[-91.5362732, 41.6511216]",A
2013-05-02 01:03:00,TRAFFIC STOP,"[-91.530135, 41.663564]",A
2013-05-01 22:53:00,TRAFFIC STOP,"[-91.50739759999999, 41.64084039999999]",A
2013-05-01 22:51:00,OUT WITH SUBJ,"[-91.532764, 41.660936]",A
2013-05-01 21:21:00,DIST/DOMESTIC,"[-91.49626599999999, 41.64855499999999]",A
2013-05-01 17:26:00,NARCOTICS,"[-91.50825499999999, 41.638373]",A
2013-05-01 17:14:00,DIST/FIGHT IN PROGRESS,"[-91.5017335, 41.6659568]",A
2013-05-01 03:46:00,SUSPICIOUS/ACT/PERS/VEH,"[-91.517496, 41.655871]",A
2013-05-01 02:20:00,TRAFFIC STOP,"[-91.5321342, 41.6455704]",A
2013-05-01 02:09:00,TRAFFIC STOP,"[-91.53160899999999, 41.6753039]",A
2013-04-30 14:25:00,INTOXICATED PEDESTRIAN,"[-91.52596899999999, 41.640952]",A
2013-04-30 01:56:00,DIST/DOMESTIC,"[-91.5171297, 41.639087]",A
2013-04-30 00:24:00,TRAFFIC STOP,"[-91.527266, 41.657848]",A
2013-04-29 23:03:00,TR/OWI,"[-91.5418711, 41.6579956]",A
2013-04-29 21:21:00,TRESPASS,"[-91.533425, 41.66081]",A
2013-04-29 18:07:00,DIST/DOMESTIC,"[-91.503152, 41.649249]",A
2013-04-29 09:28:00,INTOXICATED PEDESTRIAN,"[-91.5334626, 41.6511378]",A
2013-05-08 14:45:00,TRESPASS,"[-91.50914, 41.642227]",A
2013-05-11 04:12:00,TRAFFIC STOP,"[-91.5330724, 41.6624677]",A
2013-05-11 02:08:00,OUT WITH SUBJ,"[-91.532985, 41.658612]",A
2013-05-11 02:00:00,DIST/FIGHT IN PROGRESS,"[-91.541529, 41.653075]",A
2013-05-11 01:51:00,OUT WITH SUBJ,"[-91.532985, 41.658612]",A
2013-05-11 01:50:00,MVA/UNKNOWN INJURY,"[-91.5454395, 41.6486694]",A
2013-05-11 01:44:00,OUT WITH SUBJ,"[-91.52724769999999, 41.6578356]",A
2013-05-11 01:40:00,OUT FOR INVEST/FOLLOW UP,"[-91.5346079, 41.6593487]",A
2013-05-11 01:07:00,OUT WITH SUBJ,"[-91.52995349999999, 41.6600523]",A
2013-05-11 00:40:00,DIST/FIGHT IN PROGRESS,"[-91.530458, 41.660417]",A
2013-05-11 00:23:00,OUT WITH SUBJ,"[-91.52868, 41.6578521]",A
2013-05-10 23:46:00,TRAFFIC STOP,"[-91.54037579999999, 41.6713787]",A
2013-05-10 22:26:00,INTOXICATED PEDESTRIAN,"[-91.50304799999999, 41.642599]",A
2013-05-10 12:41:00,THEFT/SHOPLIFTING,"[-91.529659, 41.642986]",A
2013-05-10 10:02:00,PAPER SERVICE/WARRANT,"[-91.5301683, 41.6611277]",A
2013-05-10 01:21:00,TRAFFIC STOP,"[-91.5283111, 41.6458106]",A
2013-05-10 01:16:00,PAPER SERVICE/WARRANT,"[-91.52995349999999, 41.6600523]",A
2013-05-10 00:19:00,OUT WITH SUBJ,"[-91.5316599, 41.65789729999999]",A
2013-05-09 22:41:00,WELFARE CHECK,"[-91.53184700000001, 41.644979]",A
2013-05-09 00:44:00,SUSPICIOUS/ACT/PERS/VEH,"[-91.528972, 41.663083]",A
2013-05-12 00:48:00,INTOXICATED PEDESTRIAN,"[-91.53107899999999, 41.663897]",A
2013-05-12 01:41:00,OUT WITH SUBJ,"[-91.5330901, 41.6601537]",A
2013-05-12 02:37:00,TRAFFIC STOP,"[-91.5243091, 41.6555251]",A
2013-05-12 03:05:00,OUT WITH SUBJ,"[-91.5525025, 41.6266124]",A
2013-05-12 03:38:00,PUBLIC ASSIST,"[-91.5294308, 41.6610748]",A
2013-05-13 03:14:00,TRAFFIC STOP,"[-93.2363084, 41.5994204]",A
2013-05-13 01:23:00,TRAFFIC STOP,"[-91.53024200000002, 41.6543926]",A
2013-05-13 17:22:00,MVA/HIT AND RUN PD,"[-91.53277399999999, 41.663908]",A
2013-05-12 15:22:00,WEAPONS OFFENSE,"[-91.498024, 41.646443]",A
2013-05-12 13:25:00,DIST/FIGHT IN PROGRESS,"[-91.5584477, 41.64200049999999]",A
2013-05-14 15:32:00,DIST/DOMESTIC,"[-91.51678799999999, 41.638367]",A
2013-05-14 12:22:00,DIST/FIGHT IN PROGRESS,"[-91.50516300000001, 41.658888]",A
2013-05-14 07:51:00,MVA/PROPERTY DAMAGE ACCIDENT,"[-91.5301652, 41.6611993]",A
2013-05-14 02:00:00,TRAFFIC STOP,"[-91.52721600000001, 41.6624255]",A
2013-05-14 01:49:00,OUT WITH SUBJ,"[-91.530458, 41.660417]",A
2013-05-13 21:43:00,DIST/DOMESTIC,"[-91.49190100000001, 41.6467079]",A
2013-05-16 00:55:00,TRAFFIC STOP,"[-91.53019499999999, 41.6565971]",A
2013-05-16 01:28:00,TRAFFIC STOP,"[-91.51169829999999, 41.6344627]",A
2013-05-16 03:43:00,NARCOTICS,"[-91.51169829999999, 41.6344627]",A
2013-05-15 23:33:00,TRAFFIC STOP,"[-91.5812759, 41.4797413]",A
2013-05-15 23:33:00,FOOT PATROL,"[-91.52976900000002, 41.6523729]",A
2013-05-15 12:50:00,THEFT/SHOPLIFTING,"[-91.529659, 41.642986]",A
2013-05-15 09:36:00,DIST/FIGHT IN PROGRESS,"[-91.52309059999999, 41.63905829999999]",A
2013-05-15 04:00:00,JAIL/TRANSPORT PRISONER,"[-91.5294308, 41.6610748]",A
2013-05-15 02:31:00,DIST/FIGHT IN PROGRESS,"[-91.517974, 41.637986]",A
2013-05-15 01:26:00,NARCOTICS,"[-91.549887, 41.647196]",A
2013-05-15 01:09:00,TRAFFIC STOP,"[-91.5329575, 41.6702175]",A
2013-05-14 21:22:00,DIST/FIGHT IN PROGRESS,"[-91.5305209, 41.6563329]",A
2013-05-14 19:36:00,SUSPICIOUS/ACT/PERS/VEH,"[-91.532657, 41.660028]",A
2013-05-16 03:52:00,ASSAULT,"[-91.50032, 41.637011]",A
2013-05-16 10:18:00,PAPER SERVICE/WARRANT,"[-91.52773200000001, 41.654699]",A
2013-05-16 11:53:00,DIST/DOMESTIC,"[-91.5294308, 41.6610748]",A
2013-05-17 10:59:00,PAPER SERVICE/WARRANT,"[-91.5401828, 41.6503889]",A
2013-05-17 04:48:00,BURGLARY/RESIDENTIAL,"[-91.52671099999999, 41.661601]",A
2013-05-17 04:30:00,OUT WITH SUBJ,"[-91.5301683, 41.6611277]",A
2013-05-17 04:26:00,JAIL/TRANSPORT PRISONER,"[-91.5294308, 41.6610748]",A
2013-05-17 03:31:00,OUT WITH SUBJ,"[-91.50032, 41.637011]",A
2013-05-17 02:12:00,OUT WITH SUBJ,"[-91.5338252, 41.659088]",A
2013-05-17 02:01:00,TR/RECKLESS DRIVER,"[-91.53614019999999, 41.6591732]",A
2013-05-18 03:31:00,TRAFFIC STOP,"[-91.5301683, 41.6611277]",A
2013-05-18 03:13:00,PAPER SERVICE/WARRANT,"[-91.525464, 41.6620599]",A
2013-05-18 02:38:00,OUT WITH SUBJ,"[-91.52573, 41.6624311]",A
2013-05-18 02:16:00,TRAFFIC STOP,"[-91.52087399999999, 41.6591189]",A
2013-05-18 02:05:00,ASSAULT,"[-91.532821, 41.659315]",A
2013-05-18 01:59:00,OUT WITH SUBJ,"[-91.5335894, 41.6566193]",A
2013-05-18 01:56:00,OUT WITH SUBJ,"[-91.532821, 41.659315]",A
2013-05-18 01:33:00,OUT WITH SUBJ,"[-91.532799, 41.660783]",A
2013-05-18 01:04:00,BAR CHECK,"[-91.53282, 41.659418]",A
2013-05-18 00:03:00,OUT WITH SUBJ,"[-91.501778, 41.637224]",A
2013-05-18 11:11:00,OUT WITH SUBJ,"[-91.50032, 41.637011]",A
2013-05-17 21:57:00,PAPER SERVICE/WARRANT,"[-91.50032, 41.637011]",A
2013-05-17 18:24:00,DIST/DOMESTIC,"[-91.5183139, 41.6353685]",A
2013-05-16 23:42:00,OUT WITH SUBJ,"[-91.5257649, 41.660116]",A
2013-05-16 21:43:00,TRAFFIC STOP,"[-91.5182706, 41.639793]",A
2013-05-16 16:37:00,OUT WITH SUBJ,"[-91.50032, 41.637011]",A
2013-05-16 16:15:00,PAPER SERVICE/WARRANT,"[-91.5330901, 41.6601537]",A
2013-05-16 15:37:00,OUT WITH SUBJ,"[-91.57639089999999, 41.6535926]",A
2013-05-18 21:20:00,MEDICAL RESPONSE LAW,"[-91.53348799999999, 41.659284]",A
2013-05-18 20:20:00,DIST/DOMESTIC,"[-91.52984599999999, 41.66331700000001]",A
2013-05-18 20:00:00,INTOXICATED PEDESTRIAN,"[-91.52333399999999, 41.656768]",A
2013-05-19 04:12:00,DIST/LOUD PARTY,"[-91.5319847, 41.6566266]",A
2013-05-19 03:50:00,OUT WITH SUBJ,"[-91.5743036, 41.65303309999999]",A
2013-05-19 03:21:00,OUT WITH SUBJ,"[-91.5301638, 41.6589448]",A
2013-05-19 02:42:00,TRAFFIC STOP,"[-91.532985, 41.658612]",A
2013-05-19 02:24:00,DIST/FIGHT IN PROGRESS,"[-91.5331106, 41.6584335]",A
2013-05-19 02:11:00,TRAFFIC STOP,"[-91.53620219999999, 41.6566161]",A
2013-05-19 01:41:00,OUT WITH SUBJ,"[-91.53348799999999, 41.659284]",A
2013-05-19 00:45:00,BAR CHECK,"[-91.53348799999999, 41.659284]",A
2013-05-20 13:07:00,TRAFFIC STOP,"[-91.53052199999999, 41.656033]",A
2013-05-20 02:27:00,INTOXICATED PEDESTRIAN,"[-91.530233, 41.6333539]",A
2013-05-20 14:50:00,DIST/DOMESTIC,"[41.6620599, -91.525464]",A
2013-05-21 01:39:00,TRAFFIC STOP,"[41.6600348, -91.5272444]",A
2013-05-21 10:12:00,THEFT/SHOPLIFTING,"[41.64399299999999, -91.532555]",A
2013-05-21 11:05:00,THEFT/SHOPLIFTING,"[41.642986, -91.529659]",A
2013-05-22 11:48:00,ASSIST OTHER AGENCY,"[41.63874999999999, -91.5055]",A
2013-05-22 09:15:00,JUV/GENERAL,"[41.6482699, -91.49828199999999]",A
2013-05-22 02:49:00,DIST/DOMESTIC,"[41.6505682, -91.51346389999999]",A
2013-05-22 16:04:00,THEFT/SHOPLIFTING,"[41.6429225, -91.5244314]",A
2013-05-21 23:40:00,INTOXICATED PEDESTRIAN,"[41.6410636, -91.5330481]",A
2013-05-21 14:47:00,SUSPICIOUS/ACT/PERS/VEH,"[41.640372, -91.529758]",A
2013-05-20 20:31:00,THEFT,"[41.6563329, -91.5305209]",A
2013-05-20 19:42:00,NARCOTICS,"[41.6204292, -91.522718]",A
2013-05-19 19:56:00,TRAFFIC STOP,"[41.637401, -91.520966]",A
2013-05-23 04:11:00,TRAFFIC STOP,"[41.6579956, -91.5418711]",A
2013-05-23 02:59:00,TRAFFIC STOP,"[41.6611993, -91.5301652]",A
2013-05-22 23:33:00,JAIL/TRANSPORT PRISONER,"[41.6610748, -91.5294308]",A
2013-05-23 14:13:00,MVA/PERSONAL INJURY ACCIDENT,"[41.6624232, -91.5257262]",A
2013-05-23 12:32:00,INTOXICATED PEDESTRIAN,,A
2013-05-26 02:13:00,TRAFFIC STOP,"[41.6810682, -91.53523829999999]",A
2013-01-20 02:46:00,DIST/LOUD PARTY,"[-91.527721, 41.655659]",C
2013-01-19 22:21:00,BAR CHECK,"[-91.532821, 41.659315]",C
2013-01-19 18:27:00,THEFT/SHOPLIFTING,"[-91.529659, 41.642986]",C
2013-01-18 23:31:00,BAR CHECK,"[-91.53282, 41.659418]",C
2013-01-18 16:44:00,TRAFFIC STOP,"[-91.503415, 41.638215]",C
2013-01-18 13:41:00,THEFT/SHOPLIFTING,"[-91.500895, 41.651404]",C
2013-01-18 01:46:00,TRAFFIC STOP,"[-91.5523681, 41.6504265]",C
2013-01-17 22:28:00,THEFT/SHOPLIFTING,"[-91.529659, 41.642986]",C
2013-01-17 21:46:00,TRAFFIC STOP,"[-91.500306, 41.6301]",C
2013-01-16 22:47:00,TRAFFIC STOP,"[-91.4974891, 41.6353423]",C
2013-01-13 03:48:00,TRAFFIC STOP,"[-91.530195, 41.6565971]",C
2013-01-12 23:52:00,DIST/NOISE GENERAL,"[-91.522288, 41.658539]",C
2013-01-12 18:27:00,TRAFFIC STOP,"[-91.5116329, 41.6393817]",C
2013-01-12 17:42:00,THEFT/SHOPLIFTING,"[-91.529659, 41.642986]",C
2013-01-11 23:40:00,BAR CHECK,"[-91.532799, 41.660783]",C
2013-01-11 23:21:00,DIST/NOISE GENERAL,"[-91.526252, 41.656137]",C
2013-01-11 17:20:00,OUT WITH SUBJ,"[-91.500164, 41.635156]",C
2013-01-10 18:59:00,TRAFFIC STOP,"[-91.5403426, 41.6529507]",C
2013-01-10 17:09:00,THEFT,"[-91.504735, 41.636973]",C
2013-01-10 01:07:00,OUT WITH SUBJ,"[-91.5260349, 41.662756]",C
2013-01-09 23:44:00,TRAFFIC STOP,"[-91.500164, 41.635156]",C
2013-01-09 16:10:00,THEFT/SHOPLIFTING,"[-91.500895, 41.651404]",C
2013-01-08 18:35:00,THEFT/SHOPLIFTING,"[-91.500895, 41.651404]",C
2013-01-07 20:14:00,TRAFFIC STOP,"[-91.517926, 41.6369949]",C
2013-01-07 16:14:00,THEFT/SHOPLIFTING,"[-91.50914, 41.642227]",C
2013-01-07 12:38:00,JUV/GENERAL,"[-91.4994789, 41.644913]",C
2013-01-07 06:36:00,TRAFFIC STOP,"[-91.5301683, 41.6611277]",C
2013-01-07 05:46:00,TRAFFIC STOP,"[-91.5466615, 41.6562178]",C
2013-01-07 00:44:00,TRAFFIC STOP,"[-91.5422122, 41.6612638]",C
2013-01-06 22:35:00,TRAFFIC STOP,"[-91.5007051, 41.6301551]",C
2013-01-06 15:30:00,THEFT/SHOPLIFTING,"[-91.5244314, 41.6429225]",C
2013-01-06 13:32:00,THEFT,"[-91.5244314, 41.6429225]",C
2013-01-06 04:17:00,OUT WITH SUBJ,"[-91.5306298, 41.657451]",C
2013-01-06 00:37:00,OUT WITH SUBJ,"[-91.525816, 41.656594]",C
2013-01-05 21:44:00,TRAFFIC STOP,"[-91.526966, 41.6457974]",C
2013-01-05 16:50:00,TRAFFIC STOP,"[-91.497733, 41.647468]",C
2013-01-05 13:44:00,WEAPONS OFFENSE,"[-91.560063, 41.6432465]",C
2013-01-05 09:26:00,THEFT/SHOPLIFTING,"[-91.500895, 41.651404]",C
2013-01-05 01:03:00,BAR CHECK,"[-91.533643, 41.658657]",C
2013-01-04 23:44:00,BAR CHECK,"[-91.5336723, 41.6601271]",C
2013-01-04 22:35:00,THEFT/SHOPLIFTING,"[-91.529659, 41.642986]",C
2013-01-04 12:29:00,SUSPICIOUS/ACT/PERS/VEH,"[-91.531137, 41.6534819]",C
2013-01-03 23:57:00,TRAFFIC STOP,"[-91.530153, 41.662454]",C
2013-01-03 19:54:00,TRAFFIC STOP,"[-91.5315896, 41.6646896]",C
2013-01-03 17:14:00,TRAFFIC STOP,"[-91.5061242, 41.6393957]",C
2013-01-03 16:07:00,THEFT,"[-91.5170909, 41.64079]",C
2013-01-02 02:57:00,OUT WITH SUBJ,"[-91.5301683, 41.6611277]",C
2013-01-01 05:57:00,NARCOTICS,"[-91.503945, 41.684557]",C
2013-01-01 00:12:00,OUT WITH SUBJ,"[-91.532508, 41.6609]",C
2012-12-31 23:59:00,OUT WITH SUBJ,"[-91.497659, 41.645081]",C
2012-12-31 22:32:00,BAR CHECK,"[-91.5336723, 41.6601271]",C
2012-12-31 22:06:00,BAR CHECK,"[-91.533643, 41.658657]",C
2012-12-31 21:34:00,BAR CHECK,"[-91.533279, 41.659287]",C
2012-12-31 18:19:00,TRAFFIC STOP,"[-95.0765383, 41.3173919]",C
2012-12-31 16:56:00,THEFT/SHOPLIFTING,"[-91.5401832, 41.6497853]",C
2012-12-30 22:10:00,TRAFFIC STOP,"[-91.529659, 41.642986]",C
2012-12-29 21:09:00,THEFT/SHOPLIFTING,"[-91.5244314, 41.6429225]",C
2012-12-29 13:13:00,TRESPASS,"[-91.540533, 41.644988]",C
2012-12-29 11:35:00,DIST/FIGHT IN PROGRESS,"[-91.532779, 41.663169]",C
2012-12-29 00:49:00,TRAFFIC STOP,"[-91.529659, 41.642986]",C
2012-12-29 00:44:00,BAR CHECK,"[-91.532821, 41.659315]",C
2012-12-29 00:05:00,DIST/LOUD PARTY,"[-91.525449, 41.652783]",C
2012-12-28 14:26:00,THEFT/SHOPLIFTING,"[-91.533593, 41.659751]",C
2012-12-27 13:17:00,THEFT/SHOPLIFTING,"[-91.529659, 41.642986]",C
2012-12-24 16:03:00,TRAFFIC STOP,"[-91.53159, 41.663572]",C
2012-12-23 16:35:00,THEFT/SHOPLIFTING,"[-91.500895, 41.651404]",C
2012-12-23 15:20:00,THEFT/SHOPLIFTING,"[-91.500895, 41.651404]",C
2012-12-23 13:04:00,THEFT/SHOPLIFTING,"[-91.500895, 41.651404]",C
2012-12-23 01:25:00,TRAFFIC STOP,"[-91.5328585, 41.6715171]",C
2013-01-15 14:05:00,NARCOTICS,"[-91.581267, 41.653354]",C
2013-01-15 11:24:00,JUV/GENERAL,"[-91.5043166, 41.6443874]",C
2013-01-15 10:15:00,THEFT/SHOPLIFTING,"[-91.50914, 41.642227]",C
2013-01-21 18:31:00,TRAFFIC STOP,"[-91.5330356, 41.6658288]",C
2013-01-21 20:44:00,THEFT/SHOPLIFTING,"[-91.5401832, 41.6497853]",C
2013-01-25 01:03:00,SUSPICIOUS/ACT/PERS/VEH,"[-91.5299535, 41.6600523]",C
2013-01-25 00:56:00,DIST/LOUD PARTY,"[-91.523963, 41.659232]",C
2013-01-24 23:29:00,DIST/NOISE GENERAL,"[-91.528985, 41.657392]",C
2013-01-24 18:07:00,THEFT/SHOPLIFTING,"[-91.500895, 41.651404]",C
2013-01-24 16:47:00,TRAFFIC STOP,"[-91.5034195, 41.647418]",C
2013-01-24 14:45:00,THEFT/SHOPLIFTING,"[-91.5244314, 41.6429225]",C
2013-01-26 00:28:00,SUSPICIOUS/ACT/PERS/VEH,"[-91.52977, 41.657096]",C
2013-01-26 00:02:00,TRAFFIC STOP,"[-91.5073635, 41.6408669]",C
2013-01-26 23:06:00,TRAFFIC STOP,"[-91.5346273, 41.6589429]",C
2013-01-26 22:46:00,DIST/LOUD PARTY,"[-91.526327, 41.657505]",C
2013-01-27 04:04:00,911 HANGUP,"[-91.556744, 41.648243]",C
2013-01-27 02:14:00,DIST/NOISE GENERAL,"[-91.552725, 41.647606]",C
2013-01-27 02:09:00,911 HANGUP,"[-91.518366, 41.6375767]",C
2013-01-28 02:44:00,OUT WITH SUBJ,"[-91.5299535, 41.6600523]",C
2013-01-28 19:46:00,TRAFFIC STOP,"[-91.5310268, 41.6725767]",C
2013-01-28 18:18:00,THEFT/SHOPLIFTING,"[-91.575914, 41.6512389]",C
2013-01-28 16:41:00,TRAFFIC STOP,"[-91.5319642, 41.6474522]",C
2013-01-30 18:18:00,JUV/GENERAL,"[-91.529768, 41.641786]",C
2013-02-01 15:47:00,THEFT/SHOPLIFTING,"[-91.502714, 41.64997]",C
2013-02-01 20:21:00,THEFT/SHOPLIFTING,"[-91.500895, 41.651404]",C
2013-02-02 00:05:00,MEDICAL RESPONSE LAW,"[-91.5339952, 41.6589834]",C
2013-02-02 20:24:00,THEFT/SHOPLIFTING,"[-91.500895, 41.651404]",C
2013-02-02 16:00:00,TRAFFIC STOP,"[-91.533069, 41.661276]",C
2013-02-03 02:46:00,DIST/LOUD PARTY,"[-91.5346444, 41.6571413]",C
2013-02-03 02:30:00,DIST/NOISE GENERAL,"[-91.530522, 41.656033]",C
2013-02-03 01:47:00,OUT WITH SUBJ,"[-91.533279, 41.659287]",C
2013-02-03 01:15:00,TRESPASS,"[-91.529659, 41.642986]",C
2013-02-02 22:12:00,BAR CHECK,"[-91.532821, 41.659315]",C
2013-02-02 21:51:00,BAR CHECK,"[-91.533279, 41.659287]",C
2013-02-03 21:34:00,TRAFFIC STOP,"[-91.502402, 41.646956]",C
2013-02-04 16:24:00,TRAFFIC STOP,"[-91.496938, 41.634421]",C
2013-02-04 12:08:00,THEFT/SHOPLIFTING,"[-91.529659, 41.642986]",C
2013-02-05 19:01:00,THEFT/SHOPLIFTING,"[-91.500895, 41.651404]",C
2013-02-06 11:39:00,THEFT/SHOPLIFTING,"[-91.50914, 41.642227]",C
2013-02-08 01:02:00,BAR CHECK,"[-91.6657932, 41.7046335]",C
2013-02-07 22:27:00,NARCOTICS,"[-91.5171205, 41.637367]",C
2013-02-07 19:14:00,DIST/NOISE GENERAL,"[-91.554326, 41.652303]",C
2013-02-07 18:28:00,TRAFFIC STOP,"[-91.525322, 41.640949]",C
2013-02-07 16:01:00,THEFT/SHOPLIFTING,"[-91.529659, 41.642986]",C
2013-02-08 12:23:00,THEFT/SHOPLIFTING,"[-91.500895, 41.651404]",C
2013-02-09 17:33:00,TRAFFIC STOP,"[-91.544164, 41.646461]",C
2013-02-09 01:27:00,BAR CHECK,"[-91.533643, 41.658657]",C
2013-02-09 00:51:00,BAR CHECK,"[-91.5341739, 41.66084]",C
2013-02-09 00:43:00,DIST/LOUD PARTY,"[-91.551616, 41.654504]",C
2013-02-09 00:38:00,SUSPICIOUS/ACT/PERS/VEH,"[-91.5361082, 41.6612837]",C
2013-02-09 00:12:00,DIST/FIGHT IN PROGRESS,"[-91.5270029, 41.653928]",C
2013-02-08 23:32:00,DIST/LOUD PARTY,"[-91.5319847, 41.6566266]",C
2013-02-08 23:32:00,BAR CHECK,"[-91.533834, 41.660456]",C
2013-02-08 22:21:00,BAR CHECK,"[-91.5342469, 41.660558]",C
2013-02-08 21:37:00,BAR CHECK,"[-91.533279, 41.659287]",C
2013-02-08 21:09:00,BAR CHECK,"[-91.53282, 41.659418]",C
2013-02-08 20:43:00,BAR CHECK,"[-91.532799, 41.660783]",C
2013-02-08 20:12:00,BAR CHECK,"[-91.5341739, 41.66084]",C
2013-02-08 17:09:00,TRAFFIC STOP,"[-91.5242951, 41.6431744]",C
2013-02-10 20:13:00,DIST/CIVIL DISPUTE,"[-91.5230906, 41.6390583]",C
2013-02-10 13:21:00,THEFT/SHOPLIFTING,"[-91.5244314, 41.6429225]",C
2013-02-09 23:44:00,PUBLIC ASSIST,"[-91.529587, 41.657385]",C
2013-02-11 00:06:00,TRAFFIC STOP,"[-91.5735045, 41.6433963]",C
2013-02-12 16:20:00,TRAFFIC STOP,"[-91.5019745, 41.6474227]",C
2013-02-13 10:15:00,THEFT/SHOPLIFTING,"[-91.529659, 41.642986]",C
2013-02-14 18:08:00,OUT WITH SUBJ,"[-91.5346245, 41.6601374]",C
2013-02-13 16:42:00,THEFT/SHOPLIFTING,"[-91.50914, 41.642227]",C
2013-02-13 16:27:00,THEFT/SHOPLIFTING,"[-91.5244314, 41.6429225]",C
2013-02-16 03:36:00,TRAFFIC STOP,"[-91.491065, 41.6318482]",C
2013-02-16 01:04:00,BAR CHECK,"[-91.533279, 41.659287]",C
2013-02-15 23:36:00,DIST/LOUD PARTY,"[-91.552725, 41.647606]",C
2013-02-17 02:05:00,DIST/LOUD PARTY,"[-91.533331, 41.666116]",C
2013-02-17 01:36:00,DIST/LOUD PARTY,"[-91.5278809, 41.658131]",C
2013-02-16 21:57:00,TRAFFIC STOP,"[-91.5332009, 41.6793711]",C
2013-02-16 21:11:00,THEFT/SHOPLIFTING,"[-91.5401832, 41.6497853]",C
2013-02-16 15:17:00,THEFT/SHOPLIFTING,"[-91.529659, 41.642986]",C
2013-02-16 15:14:00,SUSPICIOUS/ACT/PERS/VEH,"[-91.535426, 41.659261]",C
2013-02-18 10:37:00,THEFT/SHOPLIFTING,"[-91.575914, 41.6512389]",C
2013-02-18 03:57:00,TRAFFIC STOP,"[-91.5921607, 41.744465]",C
2013-02-17 15:52:00,THEFT/SHOPLIFTING,"[-91.5401832, 41.6497853]",C
2013-02-18 16:42:00,THEFT/SHOPLIFTING,"[-91.5401832, 41.6497853]",C
2013-02-18 16:06:00,TRAFFIC STOP,"[-91.434608, 41.598099]",C
2013-02-18 20:27:00,TRAFFIC STOP,"[-91.5074591, 41.6334471]",C
2013-02-20 15:50:00,THEFT/SHOPLIFTING,"[-91.500895, 41.651404]",C
2013-02-21 03:27:00,OUT WITH SUBJ,"[-91.5299535, 41.6600523]",C
2013-02-22 22:53:00,DIST/NOISE GENERAL,"[-91.525448, 41.657504]",C
2013-02-23 19:46:00,TRAFFIC STOP,"[-91.5278105, 41.6442614]",C
2013-02-23 15:35:00,OUT WITH SUBJ,"[-91.5346084, 41.6601508]",C
2013-02-24 04:54:00,DIST/NOISE GENERAL,"[-91.529099, 41.6649699]",C
2013-02-24 01:51:00,DIST/NOISE GENERAL,"[-91.529719, 41.657617]",C
2013-02-23 23:52:00,TRAFFIC STOP,"[-91.5301897, 41.6578662]",C
2013-02-26 05:32:00,OUT WITH SUBJ,"[-91.5299535, 41.6600523]",C
2013-02-27 05:01:00,OUT WITH SUBJ,"[-91.5299535, 41.6600523]",C
2013-02-27 18:16:00,DIST/FIGHT IN PROGRESS,"[-91.5200812, 41.6405972]",C
2013-02-27 18:06:00,TRAFFIC STOP,"[-91.500164, 41.635156]",C
2013-02-27 17:02:00,THEFT/SHOPLIFTING,"[-91.500895, 41.651404]",C
2013-02-27 12:17:00,THEFT/SHOPLIFTING,"[-91.529659, 41.642986]",C
2013-02-28 22:16:00,TRAFFIC STOP,"[-91.5199921, 41.6420253]",C
2013-02-28 20:49:00,TRAFFIC STOP,"[-91.502212, 41.6360588]",C
2013-02-28 14:48:00,THEFT/SHOPLIFTING,"[-91.529659, 41.642986]",C
2013-03-02 20:54:00,ALCOHOL COMPLIANCE,"[-91.531273, 41.647117]",C
2013-03-02 20:24:00,ALCOHOL COMPLIANCE,"[-91.5115738, 41.6434024]",C
2013-03-02 20:06:00,ALCOHOL COMPLIANCE,"[-91.531847, 41.644979]",C
2013-03-02 20:02:00,ALCOHOL COMPLIANCE,"[-91.525285, 41.641925]",C
2013-03-02 19:41:00,ALCOHOL COMPLIANCE,"[-91.5464707, 41.6469406]",C
2013-03-02 19:28:00,ALCOHOL COMPLIANCE,"[-91.5303994, 41.6635517]",C
2013-03-02 19:22:00,ALCOHOL COMPLIANCE,"[-91.5740626, 41.6519955]",C
2013-03-02 19:04:00,ALCOHOL COMPLIANCE,"[-91.532119, 41.663268]",C
2013-03-02 18:31:00,ALCOHOL COMPLIANCE,"[-91.534298, 41.658557]",C
2013-03-02 16:29:00,TRAFFIC STOP,"[-91.540743, 41.648516]",C
2013-03-02 02:51:00,DIST/NOISE GENERAL,"[-91.530502, 41.65806]",C
2013-03-02 02:08:00,TRAFFIC STOP,"[-91.530522, 41.656033]",C
2013-03-01 23:52:00,BAR CHECK,"[-91.532799, 41.660783]",C
2013-03-02 23:54:00,JUV/PARTY,"[-91.53283, 41.665143]",C
2013-03-02 21:53:00,ALCOHOL COMPLIANCE,"[-91.534254, 41.660291]",C
2013-03-02 21:43:00,ALCOHOL COMPLIANCE,"[-91.5316276, 41.660102]",C
2013-03-02 21:19:00,ALCOHOL COMPLIANCE,"[-91.5309668, 41.654414]",C
2013-03-02 21:07:00,ALCOHOL COMPLIANCE,"[-91.5302255, 41.6560295]",C
2013-03-04 21:59:00,THEFT/SHOPLIFTING,"[-91.500895, 41.651404]",C
2013-03-07 00:07:00,DIST/LOUD PARTY,"[-91.528347, 41.655332]",C
2013-03-06 16:11:00,DIST/FIGHT IN PROGRESS,"[-91.502638, 41.642882]",C
2013-03-06 16:07:00,TRAFFIC STOP,"[-91.500164, 41.635156]",C
2013-03-06 15:55:00,TRAFFIC STOP,"[-91.5742861, 41.6715984]",C
2013-03-08 00:17:00,BAR CHECK,"[-91.532508, 41.6609]",C
2013-03-07 16:54:00,DIST/CIVIL DISPUTE,"[-91.4964229, 41.647491]",C
2013-03-08 16:16:00,SUSPICIOUS/ACT/PERS/VEH,"[-91.515482, 41.633982]",C
2013-03-08 15:56:00,OUT WITH SUBJ,"[-91.531906, 41.659126]",C
2013-03-08 23:43:00,BAR CHECK,"[-91.5338252, 41.659088]",C
2013-03-08 23:11:00,OUT WITH SUBJ,"[-91.5299535, 41.6600523]",C
2013-03-08 22:14:00,BAR CHECK,"[-91.503048, 41.642599]",C
2013-03-08 21:43:00,TRAFFIC STOP,"[-91.5302444, 41.6541405]",C
2013-03-08 20:15:00,TRAFFIC STOP,"[-91.5199921, 41.6420253]",C
2013-03-10 09:14:00,TRAFFIC STOP,"[-91.5327093, 41.6729991]",C
2013-03-10 04:22:00,NARCOTICS,"[-91.5116188, 41.6412644]",C
2013-03-09 17:44:00,TRAFFIC STOP,"[-91.4999069, 41.6501499]",C
2013-03-09 14:39:00,THEFT/SHOPLIFTING,"[-91.543156, 41.647964]",C
2013-03-09 01:52:00,TRAFFIC STOP,"[-91.5048454, 41.6474286]",C
2013-03-11 19:51:00,TRAFFIC STOP,"[-91.53168, 41.64611499999999]",C
2013-03-12 18:29:00,THEFT/SHOPLIFTING,"[-91.533789, 41.658658]",C
2013-03-12 17:03:00,TRAFFIC STOP,"[-91.57409609999999, 41.6496363]",C
2013-03-12 13:44:00,THEFT/SHOPLIFTING,"[-91.529659, 41.642986]",C
2013-03-13 17:27:00,TRAFFIC STOP,"[-91.5025907, 41.6391262]",C
2013-03-15 03:22:00,DIST/NOISE GENERAL,"[-91.526894, 41.654502]",C
2013-03-14 23:20:00,DIST/NOISE GENERAL,"[-91.552725, 41.647606]",C
2013-03-14 21:20:00,TRAFFIC STOP,"[-91.52490069999999, 41.6406374]",C
2013-03-14 20:51:00,ALCOHOL COMPLIANCE,"[-91.53340700000001, 41.6605909]",C
2013-03-14 20:25:00,ALCOHOL COMPLIANCE,"[-91.535426, 41.659261]",C
2013-03-14 20:07:00,ALCOHOL COMPLIANCE,"[-91.530502, 41.65806]",C
2013-03-14 19:51:00,ALCOHOL COMPLIANCE,"[-91.5316751, 41.6587279]",C
2013-03-14 19:31:00,ALCOHOL COMPLIANCE,"[-91.53287429999999, 41.6601323]",C
2013-03-14 19:22:00,ALCOHOL COMPLIANCE,"[-91.5333392, 41.6607248]",C
2013-03-14 13:26:00,ASSAULT,"[-91.548458, 41.6513009]",C
2013-03-14 08:29:00,TR/MOTORIST ASSIST,"[-91.5301683, 41.6611277]",C
2013-03-14 02:00:00,DIST/NOISE GENERAL,"[-91.5734389, 41.655808]",C
2013-03-14 01:46:00,INTOXICATED PEDESTRIAN,"[-91.528442, 41.6581029]",C
2013-03-13 22:02:00,TRAFFIC STOP,"[-91.5064605, 41.641936]",C
2013-03-18 17:44:00,TRAFFIC STOP,"[-91.4974891, 41.6353423]",C
2013-03-18 04:26:00,DIST/LOUD PARTY,"[-91.525442, 41.653318]",C
2013-03-18 01:04:00,OUT WITH SUBJ,"[-91.533155, 41.6579194]",C
2013-03-17 20:48:00,TRAFFIC STOP,"[-91.56470209999999, 41.6363172]",C
2013-03-17 00:52:00,TRAFFIC STOP,"[-91.5346273, 41.6589429]",C
2013-03-16 20:29:00,THEFT/SHOPLIFTING,"[-91.572856, 41.632591]",C
2013-03-16 18:11:00,THEFT/SHOPLIFTING,"[-91.500895, 41.651404]",C
2013-03-16 14:06:00,TRAFFIC STOP,"[-91.5316599, 41.65789729999999]",C
2013-03-15 22:46:00,TRAFFIC STOP,"[-91.53425399999999, 41.660291]",C
2013-03-21 20:17:00,TOBACCO COMPLIANCE,"[-91.501627, 41.649284]",C
2013-03-21 18:49:00,TOBACCO COMPLIANCE,"[-91.53055169999999, 41.6589638]",C
2013-03-21 15:59:00,TRAFFIC STOP,"[-91.50471399999999, 41.64187]",C
2013-03-20 22:35:00,TRAFFIC STOP,"[-91.5073635, 41.6408669]",C
2013-03-20 20:02:00,THEFT/SHOPLIFTING,"[-91.529659, 41.642986]",C
2013-03-20 18:39:00,THEFT/SHOPLIFTING,"[-91.529659, 41.642986]",C
2013-03-20 17:43:00,THEFT/SHOPLIFTING,"[-91.529659, 41.642986]",C
2013-03-20 13:52:00,THEFT/SHOPLIFTING,"[-91.533593, 41.659751]",C
2013-03-20 03:44:00,TRAFFIC STOP,"[-91.54062230000001, 41.6533002]",C
2013-03-20 02:41:00,PROWLER,"[-91.52806, 41.659244]",C
2013-03-19 21:27:00,EXTRA PATROL REQUEST,"[-91.52995349999999, 41.6600523]",C
2013-04-02 17:21:00,TRAFFIC STOP,"[-91.50591, 41.641929]",C
2013-04-02 06:07:00,VAGRANT/TRANSIENT,"[-91.52995349999999, 41.6600523]",C
2013-04-01 20:33:00,THEFT/SHOPLIFTING,"[-91.500895, 41.651404]",C
2013-03-31 22:03:00,TRAFFIC STOP,"[-91.53020839999999, 41.6578788]",C
2013-03-31 02:47:00,DIST/NOISE GENERAL,"[-91.52240599999999, 41.656362]",C
2013-03-30 23:58:00,BAR CHECK,"[-91.532821, 41.659315]",C
2013-03-30 01:51:00,OUT WITH SUBJ,"[-91.53304349999999, 41.6585598]",C
2013-03-30 01:07:00,TRAFFIC STOP,"[-91.5243129, 41.6431781]",C
2013-03-30 00:52:00,OUT WITH SUBJ,"[-91.5330202, 41.6658421]",C
2013-03-30 00:28:00,OUT WITH SUBJ,"[-91.5302179, 41.6571296]",C
2013-03-29 23:53:00,DIST/NOISE GENERAL,"[-91.53067999999999, 41.658629]",C
2013-03-29 23:50:00,OUT WITH SUBJ,"[-91.5306298, 41.65745099999999]",C
2013-03-29 23:11:00,TRAFFIC STOP,"[-91.5330024, 41.6680324]",C
2013-03-29 23:10:00,BAR CHECK,"[-91.533643, 41.658657]",C
2013-03-29 22:19:00,OUT WITH SUBJ,"[-91.52995349999999, 41.6600523]",C
2013-03-29 22:16:00,BAR CHECK,"[-91.5341739, 41.66084]",C
2013-03-29 22:10:00,TR/MOTORIST ASSIST,"[-91.52725319999999, 41.6283321]",C
2013-03-29 21:50:00,BAR CHECK,"[-91.532799, 41.660783]",C
2013-03-29 21:25:00,BAR CHECK,"[-91.532821, 41.659315]",C
2013-03-29 21:22:00,DIST/FIGHT IN PROGRESS,"[-91.5115757, 41.64333209999999]",C
2013-03-29 17:26:00,TRAFFIC STOP,"[-91.49395779999999, 41.649676]",C
2013-03-29 14:25:00,THEFT/SHOPLIFTING,"[-91.5244314, 41.6429225]",C
2013-03-29 06:59:00,TRAFFIC STOP,"[-91.52983730000001, 41.6458199]",C
2013-03-29 01:27:00,TRAFFIC STOP,"[-91.5211829, 41.65890599999999]",C
2013-03-29 00:17:00,OUT WITH SUBJ,"[-91.53250799999999, 41.6609]",C
2013-03-28 21:56:00,TRESPASS,"[-91.52995349999999, 41.6600523]",C
2013-03-28 21:50:00,TRAFFIC STOP,"[-91.4974891, 41.6353423]",C
2013-03-28 16:12:00,THEFT,"[-91.434608, 41.598099]",C
2013-03-28 16:08:00,THEFT/SHOPLIFTING,"[-91.529659, 41.642986]",C
2013-03-28 14:47:00,OUT WITH SUBJ,"[-91.5330716, 41.660159]",C
2013-03-28 02:49:00,DIST/LOUD PARTY,"[-91.521997, 41.658112]",C
2013-03-27 23:46:00,BAR CHECK,"[-91.5309668, 41.654414]",C
2013-03-27 19:38:00,SUSPICIOUS/ACT/PERS/VEH,"[-91.544242, 41.6877319]",C
2013-03-27 15:02:00,DIST/FIGHT IN PROGRESS,"[-91.52976799999999, 41.641786]",C
2013-03-27 13:33:00,ANIMAL/CALL GENERAL,"[-91.56507599999999, 41.641279]",C
2013-03-27 12:02:00,THEFT/SHOPLIFTING,"[-91.532555, 41.659748]",C
2013-03-27 10:12:00,OUT FOR INVEST/FOLLOW UP,"[-91.532765, 41.66084499999999]",C
2013-03-26 15:34:00,OUT WITH SUBJ,"[-91.5338252, 41.659088]",C
2013-03-25 19:29:00,THEFT/SHOPLIFTING,"[-91.50914, 41.642227]",C
2013-03-25 16:30:00,THEFT/SHOPLIFTING,"[-91.5244314, 41.6429225]",C
2013-03-25 03:08:00,DIST/NOISE GENERAL,"[-91.532259, 41.652676]",C
2013-03-24 01:29:00,OUT WITH SUBJ,"[-91.533643, 41.658657]",C
2013-03-24 00:46:00,DIST/LOUD PARTY,"[-91.4708572, 41.65687459999999]",C
2013-03-23 22:00:00,TRAFFIC STOP,"[-91.5306298, 41.65745099999999]",C
2013-03-23 01:56:00,OUT WITH SUBJ,"[-91.50357029999999, 41.6446235]",C
2013-03-23 00:10:00,BURGLARY/RESIDENTIAL,"[-91.52771899999999, 41.655824]",C
2013-04-03 03:30:00,OUT WITH SUBJ,"[-91.52995349999999, 41.6600523]",C
2013-04-04 23:33:00,BAR CHECK,"[-91.53348799999999, 41.659284]",C
2013-04-04 23:32:00,DIST/LOUD PARTY,"[-91.5285842, 41.6690812]",C
2013-04-04 21:13:00,TRAFFIC STOP,"[-91.49106499999999, 41.6318482]",C
2013-04-04 17:30:00,THEFT/SHOPLIFTING,"[-91.54315600000001, 41.64796399999999]",C
2013-04-04 13:55:00,ANIMAL/CALL GENERAL,"[-91.493865, 41.668617]",C
2013-04-03 21:10:00,NARCOTICS,"[-91.52995349999999, 41.6600523]",C
2013-04-05 11:02:00,ASSAULT,"[-91.5043166, 41.6443874]",C
2013-04-05 01:09:00,BAR CHECK,"[-91.530292, 41.65025199999999]",C
2013-04-05 15:41:00,THEFT/SHOPLIFTING,"[-91.5244314, 41.6429225]",C
2013-04-05 22:38:00,BAR CHECK,"[-91.532821, 41.659315]",C
2013-04-05 22:22:00,ALCOHOL COMPLIANCE,"[-91.53282, 41.659418]",C
2013-04-05 22:20:00,BAR CHECK,"[-91.53348799999999, 41.659284]",C
2013-04-05 21:21:00,ALCOHOL COMPLIANCE,"[-91.5341739, 41.66084]",C
2013-04-05 18:47:00,CRIMINAL MISC/VANDALISM,"[-91.5361513, 41.6511062]",C
2013-04-05 18:21:00,TRAFFIC STOP,"[-91.5177396, 41.641459]",C
2013-04-05 16:31:00,THEFT,"[-91.5746934, 41.6499902]",C
2013-04-06 18:46:00,TRAFFIC STOP,"[-91.500895, 41.651404]",C
2013-04-06 13:51:00,TRESPASS,"[-91.500895, 41.651404]",C
2013-04-06 00:02:00,DIST/LOUD PARTY,"[-91.526827, 41.658503]",C
2013-04-07 03:12:00,DIST/LOUD PARTY,"[-91.52475199999999, 41.6546779]",C
2013-04-07 02:15:00,DIST/LOUD PARTY,"[-91.5321171, 41.66800629999999]",C
2013-04-08 11:04:00,OUT WITH SUBJ,"[-91.5330901, 41.6601537]",C
2013-04-08 02:00:00,TRAFFIC STOP,"[-91.434608, 41.598099]",C
2013-04-15 02:46:00,OUT WITH SUBJ,"[-91.5301039, 41.6600524]",C
2013-04-15 00:00:00,DIST/NOISE GENERAL,"[-91.52349099999999, 41.66383099999999]",C
2013-04-14 17:04:00,THEFT,"[-91.529659, 41.642986]",C
2013-04-14 03:51:00,DIST/NOISE GENERAL,"[-91.53064599999999, 41.657122]",C
2013-04-14 03:30:00,DIST/NOISE GENERAL,"[-91.53064599999999, 41.657122]",C
2013-04-14 02:56:00,DIST/LOUD PARTY,"[-91.52771899999999, 41.655824]",C
2013-04-14 00:56:00,BAR CHECK,"[-91.53348799999999, 41.659284]",C
2013-04-14 00:26:00,OUT WITH SUBJ,"[-91.5316751, 41.6587279]",C
2013-04-13 23:53:00,OUT WITH SUBJ,"[-91.524748, 41.655021]",C
2013-04-13 23:07:00,DIST/LOUD PARTY,"[-91.52474300000002, 41.655364]",C
2013-04-13 22:51:00,ALCOHOL COMPLIANCE,"[-91.528442, 41.6581029]",C
2013-04-13 18:34:00,TRAFFIC STOP,"[-91.5042146, 41.6426773]",C
2013-04-13 17:09:00,THEFT/SHOPLIFTING,"[-91.529659, 41.642986]",C
2013-04-13 16:32:00,TRAFFIC STOP,"[-91.50471399999999, 41.64187]",C
2013-04-13 01:25:00,BAR CHECK,"[-91.532821, 41.659315]",C
2013-04-12 23:57:00,SUSPICIOUS/ACT/PERS/VEH,"[-91.5346031, 41.6593623]",C
2013-04-12 23:37:00,DIST/LOUD PARTY,"[-91.528084, 41.669364]",C
2013-04-12 22:23:00,BAR CHECK,"[-91.53348799999999, 41.659284]",C
2013-04-12 03:19:00,TRAFFIC STOP,"[-91.533155, 41.6579194]",C
2013-04-12 03:01:00,TRAFFIC STOP,"[-91.533148, 41.656604]",C
2013-04-11 11:01:00,ANIMAL/CALL GENERAL,"[-91.51695699999999, 41.6649]",C
2013-04-10 05:41:00,TRAFFIC STOP,"[-91.576759, 41.6548919]",C
2013-04-09 22:20:00,MVA/PROPERTY DAMAGE ACCIDENT,"[-91.53020839999999, 41.6578788]",C
2013-04-16 02:50:00,NARCOTICS,"[-91.52995349999999, 41.6600523]",C
2013-04-16 02:40:00,OUT WITH SUBJ,"[-91.52995349999999, 41.6600523]",C
2013-04-16 17:22:00,TRESPASS,"[-91.529659, 41.642986]",C
2013-04-16 19:17:00,TRAFFIC STOP,"[-91.5073635, 41.6408669]",C
2013-04-16 18:39:00,TRAFFIC STOP,"[-91.523898, 41.643961]",C
2013-04-17 04:12:00,DIST/LOUD PARTY,"[-91.53333099999999, 41.666116]",C
2013-04-18 13:03:00,THEFT/SHOPLIFTING,"[-91.529659, 41.642986]",C
2013-04-18 10:08:00,TRAFFIC STOP,"[-91.5199921, 41.6420253]",C
2013-04-19 01:23:00,DIST/NOISE GENERAL,"[-91.53064599999999, 41.657122]",C
2013-04-19 03:42:00,DIST/NOISE GENERAL,"[-91.53101, 41.656044]",C
2013-04-18 23:39:00,TRAFFIC STOP,"[-91.5301683, 41.6611277]",C
2013-04-18 17:02:00,TRESPASS,"[-91.5330707, 41.6612737]",C
2013-04-19 18:38:00,TRAFFIC STOP,"[-91.500895, 41.651404]",C
2013-04-19 17:28:00,THEFT/SHOPLIFTING,"[-91.50914, 41.642227]",C
2013-04-19 16:40:00,TRAFFIC STOP,"[-91.59876249999999, 41.6832497]",C
2013-04-19 16:28:00,TRAFFIC STOP,"[-91.50471399999999, 41.64187]",C
2013-04-20 11:31:00,THEFT/SHOPLIFTING,"[-91.50914, 41.642227]",C
2013-04-20 12:20:00,THEFT/SHOPLIFTING,"[-91.5244314, 41.6429225]",C
2013-04-21 00:45:00,TRAFFIC STOP,"[-91.534638, 41.6600984]",C
2013-04-21 03:15:00,DIST/LOUD PARTY,"[-91.5321249, 41.6679881]",C
2013-04-20 23:54:00,BAR CHECK,"[-91.53348799999999, 41.659284]",C
2013-04-21 04:07:00,OUT WITH SUBJ,"[-91.52995349999999, 41.6600523]",C
2013-04-21 04:27:00,TRAFFIC STOP,"[-91.528442, 41.6581029]",C
2013-04-22 10:26:00,NARCOTICS,"[-91.5322429, 41.660898]",C
2013-04-22 12:23:00,THEFT/SHOPLIFTING,"[-91.5407403, 41.65488970000001]",C
2013-04-22 15:41:00,TRAFFIC STOP,"[-91.502714, 41.64997]",C
2013-04-22 18:58:00,OUT WITH SUBJ,"[-91.51967400000001, 41.639821]",C
2013-04-22 20:04:00,THEFT/SHOPLIFTING,"[-91.5244314, 41.6429225]",C
2013-04-22 20:04:00,THEFT/SHOPLIFTING,"[-91.5244314, 41.6429225]",C
2013-04-23 00:26:00,NARCOTICS,"[-91.5746934, 41.6499902]",C
2013-04-22 18:58:00,OUT WITH SUBJ,"[-91.51967400000001, 41.639821]",C
2013-04-22 15:41:00,TRAFFIC STOP,"[-91.502714, 41.64997]",C
2013-04-22 12:23:00,THEFT/SHOPLIFTING,"[-91.5407403, 41.65488970000001]",C
2013-04-22 10:26:00,NARCOTICS,"[-91.5322429, 41.660898]",C
2013-04-23 00:26:00,NARCOTICS,"[-91.5746934, 41.6499902]",C
2013-04-23 09:16:00,DIST/FIGHT IN PROGRESS,"[-91.5043166, 41.6443874]",C
2013-04-23 09:16:00,DIST/FIGHT IN PROGRESS,"[-91.5043166, 41.6443874]",C
2013-04-23 15:42:00,THEFT/SHOPLIFTING,"[-91.5316751, 41.6587279]",C
2013-04-23 15:42:00,THEFT/SHOPLIFTING,"[-91.5316751, 41.6587279]",C
2013-04-23 15:55:00,JUV/GENERAL,"[-91.4994789, 41.644913]",C
2013-04-23 15:55:00,JUV/GENERAL,"[-91.4994789, 41.644913]",C
2013-04-24 18:57:00,THEFT/SHOPLIFTING,"[-91.500895, 41.651404]",C
2013-04-24 19:22:00,THEFT/SHOPLIFTING,"[-91.5401832, 41.6497853]",C
2013-04-25 01:40:00,DIST/NOISE GENERAL,"[-91.5319847, 41.6566266]",C
2013-04-25 01:40:00,DIST/NOISE GENERAL,"[-91.5319847, 41.6566266]",C
2013-04-25 22:41:00,BAR CHECK,"[-91.53348799999999, 41.659284]",C
2013-04-25 22:30:00,OUT WITH SUBJ,"[-91.5338252, 41.659088]",C
2013-04-25 21:43:00,BAR CHECK,"[-91.5341739, 41.66084]",C
2013-04-25 20:29:00,TRAFFIC STOP,"[-91.52429509999999, 41.6431744]",C
2013-04-26 02:34:00,DIST/LOUD PARTY,"[-91.53090999999999, 41.66546]",C
2013-04-26 02:12:00,OUT WITH SUBJ,"[-91.53020839999999, 41.6578788]",C
2013-04-26 12:34:00,SUSPICIOUS/ACT/PERS/VEH,"[-91.531032, 41.65132699999999]",C
2013-04-28 04:25:00,DIST/LOUD PARTY,"[-91.53186590000001, 41.666172]",C
2013-04-28 03:52:00,OUT WITH SUBJ,"[-91.5746686, 41.6530468]",C
2013-04-28 03:38:00,OUT WITH SUBJ,"[-91.52724769999999, 41.6578356]",C
2013-04-28 03:04:00,OUT WITH SUBJ,"[-91.5252794, 41.6542527]",C
2013-04-28 01:50:00,DIST/LOUD PARTY,"[-91.532736, 41.6550749]",C
2013-04-28 01:27:00,DIST/LOUD PARTY,"[-91.5248809, 41.660376]",C
2013-04-28 01:13:00,BAR CHECK,"[-91.5341739, 41.66084]",C
2013-04-28 00:44:00,TRAFFIC STOP,"[-91.52248139999999, 41.6505416]",C
2013-04-28 00:42:00,OUT WITH SUBJ,"[-91.528347, 41.655332]",C
2013-04-28 00:32:00,BAR CHECK,"[-91.533643, 41.658657]",C
2013-04-28 00:09:00,OUT WITH SUBJ,"[-91.526877, 41.655983]",C
2013-04-28 00:08:00,OUT WITH SUBJ,"[-91.51645859999999, 41.6578178]",C
2013-04-28 00:03:00,DIST/LOUD PARTY,"[-91.5333239, 41.662747]",C
2013-04-27 23:16:00,OUT WITH SUBJ,"[-91.53425399999999, 41.660291]",C
2013-04-27 23:00:00,ALCOHOL COMPLIANCE,"[-91.53119699999999, 41.664996]",C
2013-04-27 22:49:00,MEDICAL RESPONSE LAW,"[-91.53425399999999, 41.660291]",C
2013-04-27 22:25:00,BAR CHECK,"[-91.532821, 41.659315]",C
2013-04-27 21:40:00,BAR CHECK,"[-91.533643, 41.658657]",C
2013-04-27 21:34:00,BAR CHECK,"[-91.53348799999999, 41.659284]",C
2013-04-27 21:06:00,BAR CHECK,"[-91.533643, 41.658657]",C
2013-04-27 20:54:00,ALCOHOL COMPLIANCE,"[-91.531876, 41.663942]",C
2013-04-27 19:49:00,ALCOHOL COMPLIANCE,"[-91.5464707, 41.6469307]",C
2013-04-27 18:43:00,THEFT/SHOPLIFTING,"[-91.5244314, 41.6429225]",C
2013-04-27 16:46:00,THEFT/SHOPLIFTING,"[-91.529659, 41.642986]",C
2013-04-27 15:53:00,ASSAULT,"[-91.57742669999999, 41.6533103]",C
2013-04-27 00:53:00,BAR CHECK,"[-91.532821, 41.659315]",C
2013-04-27 00:30:00,OUT WITH SUBJ,"[-91.5253819, 41.656944]",C
2013-04-27 00:29:00,BAR CHECK,"[-91.53348799999999, 41.659284]",C
2013-04-27 00:08:00,BAR CHECK,"[-91.5341739, 41.66084]",C
2013-04-26 23:49:00,TRAFFIC STOP,"[-91.49013099999999, 41.64390299999999]",C
2013-04-26 23:21:00,OUT WITH SUBJ,"[-91.5302179, 41.657124]",C
2013-04-26 23:17:00,BAR CHECK,"[-91.53250799999999, 41.6609]",C
2013-04-26 19:57:00,SPECIAL ASSIGNMENT,"[-91.50394500000002, 41.684557]",C
2013-04-26 18:35:00,BAR CHECK,"[-91.533643, 41.658657]",C
2013-04-26 18:03:00,INTOXICATED PEDESTRIAN,"[-91.5321342, 41.6455704]",C
2013-04-26 17:45:00,BAR CHECK,"[-91.5342469, 41.66055799999999]",C
2013-05-04 00:32:00,OUT WITH SUBJ,"[-91.53019499999999, 41.6565971]",C
2013-05-05 10:12:00,TRAFFIC STOP,"[-91.533148, 41.656604]",C
2013-05-05 08:56:00,TRAFFIC STOP,"[-91.4820285, 41.6538853]",C
2013-05-05 03:25:00,DIST/LOUD PARTY,"[-91.526888, 41.654996]",C
2013-05-05 03:07:00,DIST/LOUD PARTY,"[-91.531423, 41.65977549999999]",C
2013-05-05 02:40:00,OUT WITH SUBJ,"[-91.5243091, 41.6555251]",C
2013-05-05 02:16:00,DIST/LOUD PARTY,"[-91.52984099999999, 41.667053]",C
2013-05-05 01:37:00,OUT WITH SUBJ,"[-91.52581599999999, 41.656594]",C
2013-05-05 00:50:00,DIST/NOISE GENERAL,"[-91.528345, 41.655496]",C
2013-05-05 00:37:00,OUT WITH SUBJ,"[-91.5272605, 41.6566132]",C
2013-05-08 08:34:00,THEFT/SHOPLIFTING,"[-91.53282, 41.659418]",C
2013-05-06 21:49:00,OUT WITH SUBJ,"[-91.5171285, 41.6385712]",C
2013-05-06 15:54:00,DIST/FIGHT IN PROGRESS,"[-91.501439, 41.637015]",C
2013-05-05 21:34:00,OUT WITH SUBJ,"[-91.502212, 41.6360588]",C
2013-05-05 19:46:00,TRAFFIC STOP,"[-91.50032, 41.637011]",C
2013-05-04 22:00:00,DIST/LOUD PARTY,"[-91.525401, 41.66172]",C
2013-05-04 21:40:00,OUT WITH SUBJ,"[-91.5331468, 41.6579331]",C
2013-05-03 19:54:00,THEFT/SHOPLIFTING,"[-91.57542699999999, 41.652007]",C
2013-05-03 16:25:00,TRAFFIC STOP,"[-92.1002378, 44.1515362]",C
2013-05-02 17:28:00,THEFT/SHOPLIFTING,"[-91.500895, 41.651404]",C
2013-05-02 16:25:00,TRESPASS,"[-91.500895, 41.651404]",C
2013-05-02 14:58:00,THEFT/SHOPLIFTING,"[-91.5401832, 41.6497853]",C
2013-05-02 07:21:00,VAGRANT/TRANSIENT,"[-91.52995349999999, 41.6600523]",C
2013-05-02 02:21:00,DIST/LOUD PARTY,"[-91.53026369999999, 41.6541301]",C
2013-05-01 12:54:00,OUT WITH SUBJ,"[-91.5330901, 41.6601537]",C
2013-05-01 09:37:00,JUV/GENERAL,"[-91.4994789, 41.644913]",C
2013-05-01 01:15:00,BAR CHECK,"[-91.5341739, 41.66084]",C
2013-04-30 21:51:00,THEFT/SHOPLIFTING,"[-91.5244314, 41.6429225]",C
2013-04-30 19:00:00,TRAFFIC STOP,"[-91.53020839999999, 41.6578788]",C
2013-04-30 18:53:00,THEFT/SHOPLIFTING,"[-91.5401832, 41.6497853]",C
2013-04-30 15:04:00,THEFT/SHOPLIFTING,"[-91.5401832, 41.6497853]",C
2013-04-30 01:03:00,TRAFFIC STOP,"[-91.5117046, 41.6335074]",C
2013-04-29 15:57:00,TRAFFIC STOP,"[-91.5385672, 41.6722996]",C
2013-05-11 02:37:00,SUSPICIOUS/ACT/PERS/VEH,"[-91.5306298, 41.65745099999999]",C
2013-05-11 02:06:00,DIST/NOISE GENERAL,"[-91.53064599999999, 41.657122]",C
2013-05-11 01:49:00,OUT WITH SUBJ,"[-91.53425399999999, 41.660291]",C
2013-05-11 00:24:00,DIST/NOISE GENERAL,"[-91.527755, 41.66617300000001]",C
2013-05-10 23:37:00,OUT WITH SUBJ,"[-91.52724769999999, 41.6578356]",C
2013-05-10 22:34:00,OUT WITH SUBJ,"[-91.52995349999999, 41.6600523]",C
2013-05-10 19:44:00,ALCOHOL COMPLIANCE,"[-91.520816, 41.641516]",C
2013-05-10 19:09:00,ALCOHOL COMPLIANCE,"[-93.70162789999999, 41.6148431]",C
2013-05-10 18:52:00,ALCOHOL COMPLIANCE,"[-91.532776, 41.66337499999999]",C
2013-05-10 17:49:00,TRAFFIC STOP,"[-91.51287549999999, 41.6333962]",C
2013-05-10 08:17:00,TRAFFIC STOP,"[-91.5584477, 41.64200049999999]",C
2013-05-10 01:39:00,TRAFFIC STOP,"[-91.5345332, 41.665809]",C
2013-05-10 00:25:00,TRAFFIC STOP,"[-91.53306549999999, 41.6613708]",C
2013-05-10 00:19:00,BAR CHECK,"[-91.53348799999999, 41.659284]",C
2013-05-09 20:40:00,TRESPASS,"[-91.529659, 41.642986]",C
2013-05-09 13:18:00,TRAFFIC STOP,"[-91.539744, 41.650041]",C
2013-05-09 01:26:00,TRAFFIC STOP,"[-91.50341499999999, 41.638215]",C
2013-05-11 16:11:00,TRAFFIC STOP,"[-93.70162789999999, 41.6148431]",C
2013-05-11 21:22:00,BAR CHECK,"[-91.53348799999999, 41.659284]",C
2013-05-12 01:23:00,OUT WITH SUBJ,"[-91.52688099999999, 41.655634]",C
2013-05-12 00:59:00,DIST/LOUD PARTY,"[-91.52688099999999, 41.655634]",C
2013-05-12 00:45:00,OUT WITH SUBJ,"[-91.52727879999999, 41.6566187]",C
2013-05-11 23:34:00,BAR CHECK,"[-91.53348799999999, 41.659284]",C
2013-05-12 04:19:00,DIST/LOUD PARTY,"[-91.53273899999999, 41.654841]",C
2013-05-13 16:32:00,OUT WITH SUBJ,"[-91.532766, 41.660432]",C
2013-05-13 16:51:00,TRAFFIC STOP,"[-91.5404327, 41.6536902]",C
2013-05-14 02:16:00,OUT WITH SUBJ,"[-91.52995349999999, 41.6600523]",C
2013-05-13 19:06:00,TRAFFIC STOP,"[-91.51716669999999, 41.6387773]",C
2013-05-15 16:18:00,THEFT/SHOPLIFTING,"[-91.50914, 41.642227]",C
2013-05-15 16:07:00,TRAFFIC STOP,"[-91.5215891, 41.6390479]",C
2013-05-17 00:22:00,DIST/LOUD PARTY,"[-91.522336, 41.66154]",C
2013-05-17 23:45:00,TRAFFIC STOP,"[-91.53178899999999, 41.673387]",C
2013-05-17 20:28:00,WEAPONS OFFENSE,"[-91.49626599999999, 41.64855499999999]",C
2013-05-17 18:40:00,THEFT/SHOPLIFTING,"[-91.5407403, 41.65488970000001]",C
2013-05-17 16:24:00,TRAFFIC STOP,"[-91.5244168, 41.6429486]",C
2013-05-16 23:51:00,OUT WITH SUBJ,"[-91.5256797, 41.6657411]",C
2013-05-16 21:37:00,BAR CHECK,"[-91.5341739, 41.66084]",C
2013-05-16 21:18:00,BAR CHECK,"[-91.53348799999999, 41.659284]",C
2013-05-16 17:51:00,OUT FOR INVEST/FOLLOW UP,"[-91.525999, 41.6443579]",C
2013-05-18 19:23:00,TRAFFIC STOP,"[-91.5301683, 41.6611277]",C
2013-05-18 22:32:00,TRAFFIC STOP,"[-91.5010849, 41.6334172]",C
2013-05-18 22:28:00,OUT WITH SUBJ,"[-91.54053549999999, 41.6872549]",C
2013-05-18 21:15:00,DIST/NOISE GENERAL,"[-91.5171677, 41.6389155]",C
2013-05-19 00:43:00,OUT WITH SUBJ,"[-91.533643, 41.658657]",C
2013-05-19 00:37:00,TRESPASS,"[-91.51866199999999, 41.639059]",C
2013-05-19 00:37:00,OUT WITH SUBJ,"[-91.5242959, 41.6541065]",C
2013-05-21 02:11:00,PROWLER,"[41.6600556, -91.5206887]",C
2013-05-22 10:39:00,THEFT,"[41.653354, -91.581267]",C
2013-05-22 09:42:00,DIST/FIGHT IN PROGRESS,"[41.644913, -91.4994789]",C
2013-05-22 16:28:00,OUT WITH SUBJ,"[41.660159, -91.5330716]",C
2013-05-21 14:57:00,THEFT/SHOPLIFTING,"[41.6459059, -91.5538859]",C
2013-05-20 21:29:00,TRAFFIC STOP,"[41.635364, -91.5183323]",C
2013-05-26 07:54:00,TRESPASS,"[41.6600523, -91.52995349999999]",C
2013-05-26 04:15:00,OUT WITH SUBJ,"[41.6490945, -91.539988]",C
